CASRN,Canonical_QSARr,very_toxic
15287-51-1,CCCCOC(=O)N1C(Br)=NC(Br)=C1Br,True
2052-46-2,CN(C)C1C=CC(N)=CC=1,True
4212-94-6,CC(=O)ON(C(=O)OC(C)C)C1C=CC=CC=1,False
123253-05-4,CCCCCCCCCCCCCCCC(=O)OC1=C(C(=O)NC2C=CC=CN=2)N(C)S(=O)(=O)C2C=CSC=21,True
2953-29-9,CSP(=S)(OC)OC,True
507-60-8,CC(=O)OC1CC2(O)C(CCC3(C)C(CCC32O)C2C=CC(=O)OC=2)C2(C)CCC(C=C21)OC1OC(CO)C(O)C(O)C1O,True
71-63-6,CC12CCC(CC1CCC1C2CCC2(C)C(CCC21O)C1COC(=O)C=1)OC1CC(O)C(OC2CC(O)C(OC3CC(O)C(O)C(C)O3)C(C)O2)C(C)O1,True
64-67-5,CCOS(=O)(=O)OCC,False
30194-63-9,NC1C=CC(=CC=1)C(=O)NCCN1CCN(CC1)C1C=CC=CN=1,False
1467-79-4,CN(C)C#N,False
14901-08-7,C[N+]([O-])=NCOC1OC(CO)C(O)C(O)C1O,False
110488-70-5,COC1C=C(C=CC=1OC)C(=CC(=O)N1CCOCC1)C1C=CC(Cl)=CC=1,False
2275-18-5,CC(C)NC(=O)CSP(=S)(OCC)OCC,True
89426-89-1,NC(=O)C1C=C2NC(=NC2=CC=1)C(F)(F)F,True
866-82-0,OC(=O)C(O)(CC(O)=O)CC(O)=O,False
38035-28-8,COc1ccc2c(=O)c(C)c(C)oc2c1CN(C)C,True
6610-29-3,CNC(=S)NN,True
51356-09-3,CC1C=CC(=O)N(CSP(=S)(OCC)OCC)N=1,True
2763-96-4,NCC1=CC(O)=NO1,True
111-13-7,CCCCCCC(C)=O,True
123-25-1,CCOC(=O)CCC(=O)OCC,False
709-08-0,OC1C=CC(=CC=1)C1CCCCC=1,False
81-15-2,CC1=C(C(C)=C(C(=C1[N+]([O-])=O)C(C)(C)C)[N+]([O-])=O)[N+]([O-])=O,False
22791-26-0,CC1(C)OC2C=CC=C(OC(=O)NCC=C)C=2O1,False
84-61-7,O=C(OC1CCCCC1)C1C=CC=CC=1C(=O)OC1CCCCC1,False
14689-58-8,[O-][N+](=O)C1C(Br)=CC=C2NC(=NC2=1)C(F)(F)F,True
51356-15-1,CCOP(=S)(OCC)SCN1N=C(C=CC1=O)C1C=CC=CC=1,False
97-96-1,CCC(CC)C=O,False
28213-87-8,CNC(=O)ON=C1C(Cl)C2CC1C(C2)C#N,True
89427-35-0,FC(F)(F)C1NC2=C(N=1)C(Cl)=C(Br)C(Br)=C2Br,True
51012-33-0,COC1=CC=C(C=C1C(=O)NCCN(CC)CC)S(C)(=O)=O,False
100-44-7,ClCC1C=CC=CC=1,False
4544-15-4,OC(C(=O)OCCN1CCCCC1)(C1C=CC=CC=1)C1C=CC=CC=1,False
75-18-3,CSC,False
66230-04-4,CC(C)C(C1=CC=C(Cl)C=C1)C(=O)OC(C#N)C1=CC(=CC=C1)OC1C=CC=CC=1,False
619-72-7,N#CC1C=CC(=CC=1)[N+]([O-])=O,True
1146-95-8,CCC(CN)=C(C1C=CC=CC=1)C1C=CC=CC=1,False
1114-71-2,CCN(CCCC)C(=O)SCCC,False
69658-91-9,CN(N=O)C1C=NC=CC=1,True
94739-29-4,CC1NC(COC(N)=O)=C(C(C=1C(=O)OC)C1=CC=CC(Cl)=C1Cl)C(=O)OC(C)C,False
123172-45-2,NC1C=CC(=CC=1O)C(=O)C1C=CC(Cl)=CC=1,False
28616-48-0,CN(C)P(=O)(OP(=O)(OCC)N(C)C)OCC,True
500-28-7,COP(=S)(OC1=CC(Cl)=C(C=C1)[N+]([O-])=O)OC,False
4755-59-3,CN(C)CCCN1C(=O)N(C2C=C(Cl)C=CC1=2)C1C=CC=CC=1,False
123253-02-1,CN1C(=C(OP2(=O)OCCCO2)C2SC(Cl)=CC=2S1(=O)=O)C(=O)NC1C=CC=CN=1,True
79-21-0,CC(=O)OO,True
65405-73-4,CC(C)=CCCC(C)=CCOCC=O,False
80-59-1,CC(=CC)C(O)=O,False
555-37-3,CCCCN(C)C(=O)NC1=CC(Cl)=C(Cl)C=C1,False
627-09-8,CC(=O)OCC#C,False
62-75-9,CN(C)N=O,True
22052-04-6,S=C1NCNCN1,True
28772-56-7,OC1C2C=CC=CC=2OC(=O)C=1C(CC(O)C1=CC=C(C=C1)C1=CC=C(Br)C=C1)C1=CC=CC=C1,True
86408-72-2,CC(C)C1=CC2CCC3C(C)(CCCC3(C)C(O)=O)C=2C=C1S(O)(=O)=O,False
80086-85-7,CC1=NN=C(O1)SCCCSC1=NN=NN1C,False
21452-18-6,CC1=NC(C)=C(S1)C(=O)NC1C=CC=CC=1,False
816-80-8,CSP(SC)SC,False
50539-66-7,CN(SC1C=CC=CC=1)C(=O)OC1C=CC=C2CC(C)(C)OC=12,True
5587-89-3,CN(C)C=NC1=C(I)C(CCC(O)=O)=C(I)C=C1I,False
505-60-2,ClCCSCCCl,True
22212-55-1,CCOC(=O)C(C)N(C1=CC(Cl)=C(Cl)C=C1)C(=O)C1C=CC=CC=1,False
84487-03-6,NC1C=CC(=C(Cl)N=1)[N+]([O-])=O,False
22787-59-3,CC1=CC(=CC(=O)N1CC)OP(=O)(OCC)OCC,True
2853-69-2,CC1C=CC=CC=1C1=NC2=C(N=C(N)N=C2N)N=C1N,False
96515-74-1,COC(=O)C1C(C(C(=O)OCC(C)(C)CN(C)CC2C=CC=CC=2)=C(C)NC=1C)C1=CC(=CC=C1F)[N+]([O-])=O,True
63717-17-9,CN(CC(=O)SP(=S)(OCC)OCC)C(N)=O,True
154619-86-0,CN1CCC2(C)C1N(C)C1C=CC(=CC2=1)OC(=O)NCCCCCCCCN(CCC)CCC,True
14845-06-8,CCC1C(=O)N(C2C=CC=CC=2)N(C2C=CC=CC=2)C1=O,False
97-23-4,OC1=CC=C(Cl)C=C1CC1=CC(Cl)=CC=C1O,False
7780-06-5,CC(C)OC(=O)C=CC1C=CC=CC=1,False
4205-98-5,[O-][N+](=O)C1=C2NC(=NC2=C(Cl)C(Cl)=C1Cl)C(F)(F)F,True
1067-25-0,CCC[Si](OC)(OC)OC,False
6731-36-8,CC1(C)CC(C)CC(C1)(OOC(C)(C)C)OOC(C)(C)C,False
2439-10-3,[H]/N=C(\N)/NCCCCCCCCCCCC,False
2032-65-7,CC1C=C(C=C(C)C=1SC)OC(=O)NC,True
1125-88-8,COC(OC)C1C=CC=CC=1,False
106-30-9,CCCCCCC(=O)OCC,False
14863-40-2,CC1C=C2NC(=NC2=CC=1Cl)C(F)(F)F,False
4696-76-8,NCC1OC(OC2C(O)C(OC3OC(CO)C(O)C(N)C3O)C(N)CC2N)C(N)C(O)C1O,False
58306-30-2,COCC(=O)NC1C=C(C=CC=1N=C(NC(=O)OC)NC(=O)OC)SC1C=CC=CC=1,False
154619-64-4,CN1CCC2(C)C1N(C)C1=CC=C(C=C21)OC(=O)NCCCCCCCCCCN1CCOCC1,True
1532-14-5,[O-][N+](=O)C1C=CC(=CC=1)C(=O)OC1CCC(CC1)N1CCCCC1,False
344-07-0,FC1=C(Cl)C(F)=C(F)C(F)=C1F,False
18169-57-8,CC(C)C[Si](Cl)(Cl)Cl,False
26447-85-8,COC(=O)C(O)(C1=CC=CS1)C1=CC=CS1,False
33841-12-2,CCOP(=S)(OC1C=CC(=CC=1)C#N)OCC,True
4321-69-1,CC(=O)NC1=CC=C(C=C1)N=NC1C(=CC2C=C(C=C(NC(C)=O)C=2C=1O)S(O)(=O)=O)S(O)(=O)=O,False
6119-96-6,CCOP(=S)(OCC)SCN1C(=O)C2=CC=CC=C2C1=O,True
152-20-5,CSP(=O)(OC)OC,True
107-18-6,C=CCO,False
4486-44-6,CC(C)OP(O)(=S)OC(C)C,False
366-70-1,CNNCC1C=CC(=CC=1)C(=O)NC(C)C,False
19937-59-8,COC1C=CC(=CC=1Cl)NC(=O)N(C)C,False
745-65-3,CCCCCC(O)C=CC1C(CCCCCCC(O)=O)C(=O)CC1O,False
297-78-9,ClC1(Cl)C2(Cl)C3C(C(Cl)OC3Cl)C1(Cl)C(Cl)=C2Cl,True
18127-01-0,CC(C)(C)C1=CC=C(CCC=O)C=C1,False
5002-47-1,CCCCCCCCCC(=O)OCCN1CCN(CCCN2C3=CC=CC=C3SC3C=CC(=CC2=3)C(F)(F)F)CC1,True
951-42-8,CNC(=O)ON=C1C(Cl)C2CC1C(C2)C#N,True
4104-03-4,COP(=S)(SCCC)SCCC,True
18172-33-3,CC(=O)C1C(=O)N2C(C3C(CC4=CC=CC5NC=C3C=54)C2(C)C)C=1O,True
35944-83-3,CC(C)NP(O)(=S)OC1C=C(Cl)C(Cl)=CC=1Cl,True
4940-11-8,CCC1OC=CC(=O)C=1O,False
56073-10-0,OC1=C(C2CC(CC3C=CC=CC=32)C2C=CC(=CC=2)C2C=CC(Br)=CC=2)C(=O)OC2C=CC=CC=21,True
88599-62-6,NC(=O)OC1=CC=CC=C1C(=O)OC1=CC=C(Cl)C=C1,False
14689-51-1,[O-][N+](=O)C1=CC=CC2NC(=NC=21)C(F)(F)F,True
13256-11-6,CN(CCC1C=CC=CC=1)N=O,True
2104-64-5,CCOP(=S)(OC1C=CC(=CC=1)[N+]([O-])=O)C1C=CC=CC=1,True
53494-70-5,O=C1C2C3CC1C1C3C3(Cl)C2(Cl)C(Cl)C1(Cl)C3(Cl)Cl,True
95-50-1,ClC1C=CC=CC=1Cl,False
19133-28-9,CCP(=S)(OCCCl)OC1=CC=C(C=C1)C#N,True
104-76-7,CCCCC(CO)CC,False
6609-40-1,[O-][N+](=O)C1C=C2N=C(NC2=CC=1Cl)C(F)(F)F,True
14689-57-7,FC(F)(F)C1NC2=CC(I)=CC(I)=C2N=1,True
86-28-2,CCN1C2=CC=CC=C2C2C=CC=CC1=2,False
17514-68-0,CC1=CSC2C(Cl)=CC=CC=21,False
55690-47-6,CC(C(O)=O)C1=CC2OCC3C=CC=CC=3C(=O)C=2C=C1,True
563-12-2,CCOP(=S)(OCC)SCSP(=S)(OCC)OCC,True
4635-87-4,CC=CCC#N,True
4228-99-3,CC1=C(Cl)C(Cl)=C2N=C(NC2=C1Cl)C(F)(F)F,True
115-79-7,CC[N+](CC1C=CC=CC=1Cl)(CCNC(=O)C(=O)NCC[N+](CC1C=CC=CC=1Cl)(CC)CC)CC,True
2001-95-8,CC(C)C1NC(=O)C(OC(=O)C(C)OC(=O)C(NC(=O)C(OC(=O)C(NC(=O)C(C)OC(=O)C(NC(=O)C(OC(=O)C(NC(=O)C(C)OC(=O)C(NC1=O)C(C)C)C(C)C)C(C)C)C(C)C)C(C)C)C(C)C)C(C)C)C(C)C,True
4691-65-0,OP(O)(=O)OCC1OC(C(O)C1O)N1C=NC2=C1N=CNC2=O,False
21609-90-5,COP(=S)(OC1=CC(Cl)=C(Br)C=C1Cl)C1C=CC=CC=1,True
89427-43-0,CN(C)C1=C2NC(=NC2=C(Cl)C(Cl)=C1Cl)C(F)(F)F,True
99-59-2,COC1C=CC(=CC=1N)[N+]([O-])=O,False
69094-18-4,[O-][N+](=O)C(Br)(Br)CO,True
1071-27-8,N#CCCC[Si](Cl)(Cl)Cl,False
339-65-1,FCCOC(Cl)C(Cl)(Cl)Cl,True
553-86-6,O=C1CC2C=CC=CC=2O1,False
7531-52-4,NC(=O)C1CCCN1,False
20417-84-9,CNC(=O)ON=C1CCCC1(C)[N+]([O-])=O,True
66415-55-2,C=COCCCN,False
35461-10-0,CCOP(=S)(OCC)SCC(=O)N(CC=C)CC=C,True
89426-99-3,FC(F)(F)C1NC2C=C(Cl)C=C(Br)C=2N=1,True
122-10-1,COC(=O)C=C(CC(=O)OC)OP(=O)(OC)OC,True
2996-92-1,CO[Si](OC)(OC)C1C=CC=CC=1,False
57-24-9,O=C1CC2OCC=C3CN4CCC56C(C2C3CC54)N1C1C=CC=CC6=1,True
303-31-1,O=C1CC(CC(=O)N1)N1C(=O)C2C=CC=CC=2C1=O,False
151789-06-9,CC(C)CCCCCCCCCCOCCCN,False
36014-71-8,CCN(CC)S(=O)(=O)C1=C2N=C(NC2=C(Cl)C(Cl)=C1Cl)C(F)(F)F,True
597-88-6,CCSP(=O)(OC1C=CC(=CC=1)[N+]([O-])=O)OCC,True
4849-32-5,CN(C)C(=O)NC1C=C(C=CC=1)OC(=O)NC(C)(C)C,False
1561-48-4,ClCCCCCCCCC(Cl)(Cl)Cl,False
96-29-7,CCC(C)N=O,False
89427-17-8,FC(F)(F)C1NC2C=C(Cl)C(Br)=C(Cl)C=2N=1,True
42565-17-3,COP(=S)(OC)SCC1NOC(=O)N=1,True
68683-30-7,CC(=O)C(Cl)C(=O)OC(C)C1C=CC=CC=1,False
603-00-9,CC(O)CN1C=NC2=C1C(=O)N(C)C(=O)N2C,False
94847-66-2,CN(C)C(=O)N1C(Br)=NC(Br)=C1Br,True
17321-47-0,COP(N)(=S)OC,False
7508-73-8,CCOP(=S)(OC1C=CC(=CC=1)[N+]([O-])=O)OC1C=CC(=CC=1)[N+]([O-])=O,False
26662-09-9,Cc1cc(cc(=O)o1)OP(=O)(OCC)OCC,True
38205-64-0,CC1=NC=C(OC)S1,False
56073-07-5,OC1=C(C2CC(CC3=CC=CC=C32)C2C=CC(=CC=2)C2C=CC=CC=2)C(=O)OC2=CC=CC=C21,True
20856-57-9,O=CNC(NC1C=CC(Cl)=C(Cl)C=1)C(Cl)(Cl)Cl,False
154619-91-7,CN1CCC2(C)C1N(C)C1C=CC(=CC2=1)OC(=O)NCCCCCCCCCCN1CCCCC1,True
327-98-0,CCP(=S)(OC1C=C(Cl)C(Cl)=CC=1Cl)OCC,True
64632-00-4,CN(C)C(=O)N1N=C(N=C1SC)C(C)(C)C,True
13955-12-9,COP(=S)(OC1C=CC(=CC=1)[N+]([O-])=O)OC(C)C,True
117568-24-8,CC(=O)OC1C2C=CC=C(O)C=2C(=O)C2=C1C=CC=C2O,False
465-73-6,ClC1(Cl)C2(Cl)C3C4CC(C=C4)C3C1(Cl)C(Cl)=C2Cl,True
641571-11-1,CC1=CN(C=N1)C1C=C(N)C=C(C=1)C(F)(F)F,True
73941-13-6,CCCNNC1C=CC=CC=1,True
18300-07-7,COP(=S)(CC)SCSCSP(=S)(CC)OC,True
13254-34-7,CC(C)CCCC(C)(C)O,False
51-64-9,CC(N)CC1C=CC=CC=1,True
2422-90-4,CCCCCCCCCCCCNC(N)=S,False
15302-91-7,C[N+]1(C)CCCCC1,False
316-42-7,CCC1CN2CCC3C=C(OC)C(=CC=3C2CC1CC1NCCC2=CC(OC)=C(C=C21)OC)OC,True
89427-20-3,CN(C)C(=O)OC1C2N=C(NC=2C=C(Cl)C=1Cl)C(F)(F)F,True
64050-72-2,COP(=O)(OC(Cl)C(Cl)(Br)Br)OC,True
1464-69-3,CC(=C)C(=O)OCCOC=C,False
71108-14-0,CC1(C)SC(=NN(C)C)SC1=NOC(=O)N(C)SC(Cl)(Cl)Cl,True
367-51-1,OC(=O)CS,True
79-39-0,CC(=C)C(N)=O,False
538-07-8,CCN(CCCl)CCCl,True
623-42-7,CCCC(=O)OC,False
50-27-1,CC12CCC3C(CCC4C=C(O)C=CC=43)C1CC(O)C2O,False
1070-03-7,CCCCC(COP(O)(O)=O)CC,False
104-75-6,CCCCC(CN)CC,False
34491-12-8,CCSP(=O)(CCl)SCC,True
54266-57-8,CC1OCC(=NOC(=O)NC)S1,True
98519-11-0,CCOCC1COC(CN2C=NC=C2)(O1)C1=CC2C=C(Cl)C=C(Cl)C=2O1,False
5930-71-2,COP(=S)(OC)SSP(=S)(OC)OC,False
151-56-4,C1CN1,True
24916-51-6,CC(=O)OC1CC(=O)OC(C)CC=CC=CC(OC2CCC(C(C)O2)N(C)C)C(C)CC(CC=O)C(OC2OC(C)C(OC3CC(C)(O)C(O)C(C)O3)C(C2O)N(C)C)C1OC,False
3671-47-4,FC1C=CC2N=C(NC=2C=1)C(F)(F)F,True
51594-83-3,[O-][N+](=O)C1C=CC(=CC=1)NC(=O)OCC1=CN=CC=C1,True
540-97-6,C[Si]1(C)O[Si](C)(C)O[Si](C)(C)O[Si](C)(C)O[Si](C)(C)O[Si](C)(C)O1,False
55721-11-4,CC(C)(O)C(O)CCC(C)C1CCC2C(CCCC21C)=CC=C1CC(O)CCC1=C,True
3818-80-2,CC(C)OP(=S)(CCl)OP(=O)(OC(C)C)OC(C)C,True
43033-72-3,CC(=O)OC(CC)C(CC(C)N(C)C)(C1C=CC=CC=1)C1C=CC=CC=1,True
64050-66-4,CCCOP(=O)(OC=C(Cl)Cl)OCCCl,True
75530-68-6,CC1NC(C#N)=C(C(C=1C(=O)OC(C)C)C1=CC(=CC=C1)[N+]([O-])=O)C(=O)OC,False
101043-37-2,[H]N=C(N)NCCCCC1NC(=O)C(C)C(NC(=O)C(CC(C)C)NC(=O)C(C)NC(=O)C(=C)N(C)C(=O)CCC(NC(=O)C(C)C(C=CC(C)=CC(C)C(CC2C=CC=CC=2)OC)NC1=O)C(O)=O)C(O)=O,True
355-42-0,FC(F)(F)C(F)(F)C(F)(F)C(F)(F)C(F)(F)C(F)(F)F,False
1703-58-8,OC(=O)CC(C(CC(O)=O)C(O)=O)C(O)=O,False
147-61-5,CC1NC(=O)NC(=O)C=1CO,False
82875-43-2,CC1N=C(SC=1C(=O)NCCC)C1=CC=CC=C1OC,False
78246-49-8,FC1C=CC(=CC=1)C1CCNCC1COC1C=C2OCOC2=CC=1,False
25646-22-4,C=CCNP(=O)(OC=C(Cl)Cl)OCCCl,True
51-18-3,C1CN1C1N=C(N=C(N=1)N1CC1)N1CC1,True
23436-19-3,CC(C)COCC(C)O,False
1003-40-3,NC1C=CN=CC=1,True
5826-85-7,Cc1cc(=O)oc2cc(ccc12)OP(=S)(OC)OC,True
2255-15-4,COP(=O)(OC1C=C(Cl)C(=CC=1)[N+]([O-])=O)OC,True
109-86-4,COCCO,False
19480-39-8,CC1C=C(Cl)C=CC=1OCC(O)=O,False
100596-38-1,COC(=O)C1C=C(C=C(C=1)C(=O)OC)OC1C=CC(=CC=1N)C(=O)OC,False
40373-31-7,CNC(=O)OC1=CC=CC2OC(CC)(CC)OC=21,True
53944-40-4,CC(=O)C1=CC2=C(C=C1)OC1=NC=CC=C1C2=O,False
1713-97-9,CC(C)OP(=S)(CCl)SC1=CC=C(Cl)C=C1,True
2667-41-6,CCOP(=O)(OC(C1C=C(Cl)C=C(Cl)C=1)=C(Cl)Cl)OCC,True
6609-43-4,[O-][N+](=O)C1C(Cl)=CC2NC(=NC=2C=1Cl)C(F)(F)F,True
91893-36-6,O=S(=O)(CCNC(=O)N(CCCl)N=O)N1CCCCC1,False
66104-23-2,CCCN1CC(CC2C1CC1=CNC3C=CC=C2C1=3)CSC,True
89427-27-0,FC1C(Cl)=C(F)C2N=C(NC=2C=1Cl)C(F)(F)F,True
111-20-6,OC(=O)CCCCCCCCC(O)=O,False
111-49-9,C1CCCCCN1,True
1639-60-7,CCC(=O)OC(CC1C=CC=CC=1)(C(C)CN(C)C)C1C=CC=CC=1,False
100482-70-0,[O-][N+](CCCl)(CCCl)CCCCCl,True
327-92-4,[O-][N+](=O)C1C=C(C(F)=CC=1F)[N+]([O-])=O,True
919-86-8,CCSCCSP(=O)(OC)OC,True
22791-25-9,CC1(C)OC2C=CC=C(OC(=O)NCC#C)C=2O1,False
40942-73-2,CC(=O)CC1CCC(=O)C1CCCCC,False
123277-34-9,CN1c2c(=O)[n](C3CCCCC3)c(=NC3CCCCC3)oc2C2SC(Cl)=CC=2S1(=O)=O,True
3254-62-4,CS(=O)C1C=CC(=CC=1)OP(=S)(OCCC)OCCC,True
79-08-3,OC(=O)CBr,True
13256-23-0,CCN(CC1C=CN=CC=1)N=O,True
611-20-1,N#CC1C=CC=CC=1O,False
7091-41-0,CC1C=CC(=CC=1)B1OCC2(COB(OC2)C2C=CC(C)=CC=2)CO1,False
38188-83-9,CCOP(=S)(OCC)SC1COCCS1,True
104653-34-1,OC1=C(C2CC(CC3C=CC=CC=32)C2C=CC(=CC=2)C2C=CC(Br)=CC=2)C(=O)SC2C=CC=CC=21,True
26921-17-5,CC(C)(C)NCC(O)COC1=NSN=C1N1CCOCC1,False
106-51-4,O=C1C=CC(=O)C=C1,True
13412-64-1,CC1ON=C(C=1C(=O)NC1C2SC(C)(C)C(C(O)=O)N2C1=O)C1C(Cl)=CC=CC=1Cl,False
80-77-3,CN1C(C2C=CC(Cl)=CC=2)S(=O)(=O)CCC1=O,False
10004-44-1,CC1=CC(=O)NO1,False
126-97-6,OC(=O)CS,True
112-43-6,C=CCCCCCCCCCO,False
3735-33-9,COP(=O)(OC)SCN1C(=O)C2C=CC=CC=2C1=O,True
7260-35-7,CCP(=S)(OC1C=C(Cl)C=CC=1Cl)OCC,True
112-27-6,OCCOCCOCCO,False
1885-95-6,CCOP(=O)(OCC)SC=C(Cl)Cl,True
123253-01-0,COC(=O)C(C)(C)C(=O)OC1C2SC(Cl)=CC=2S(=O)(=O)N(C)C=1C(=O)NC1C=CC=CN=1,True
36350-95-5,C(NC1C=CC=CC=1)[Si]12OCCN(CCO1)CCO2,True
50539-74-7,CC1(C)CC2=CC=CC(OC(=O)NCSC3C=CC(Br)=CC=3)=C2O1,True
4602-84-0,CC(C)=CCCC(C)=CCCC(C)=CCO,False
82163-55-1,CCOC(=O)C1=C(C)C=C2N=C(COC(=O)NC)N(C(=O)C2=C1C)C1=CC=CC=C1Cl,False
163515-14-8,CC1SC=C(C)C=1N(C(C)COC)C(=O)CCl,False
3853-74-5,COP(=S)(OC(C)C)SCSCCOC(=O)NCC,True
154619-66-6,CN1CCC2(C)C1N(C)C1=CC=C(C=C21)OC(=O)NCCCCCCCCN1CCSCC1,True
15878-08-7,CC1NN=CC=1Cl,False
38357-93-6,FC(F)(F)C1=CC(=CC=C1)N1N=C(OCCCN2CCCCCC2)C2=CC=CN=C12,False
67306-03-0,CC(CC1C=CC(=CC=1)C(C)(C)C)CN1CC(C)OC(C)C1,False
2587-90-8,CSCCSP(=O)(OC)OC,True
139-08-2,CCCCCCCCCCCCCC[N+](C)(C)CC1C=CC=CC=1,False
60-29-7,CCOCC,False
120-83-2,OC1C=CC(Cl)=CC=1Cl,True
63451-45-6,OCC(COP(=O)(OCCCl)OCCCl)(COP(=O)(OCCCl)OCCCl)CO,False
1746-01-6,ClC1=CC2OC3C=C(Cl)C(Cl)=CC=3OC=2C=C1Cl,True
108-98-5,SC1C=CC=CC=1,True
76874-96-9,OC1C=C(C(=CC=1)NC1=CC(=CC=C1)C(F)(F)F)C(=O)OCCOCCO,False
154619-76-8,CN1CCC2(C)C1N(C)C1C=CC(=CC2=1)OC(=O)NCCCCCCCCCCN(CC)CC,True
4433-79-8,CC(=O)CC(=O)NC1C=C(OC)C(Cl)=CC=1OC,False
484-20-8,COC1=C2C=COC2=CC2OC(=O)C=CC=21,False
60-26-4,C[N+](C)(C)CCCCCC[N+](C)(C)C,False
3447-87-8,O=C1C(Cl)C2(Cl)C3C(C(Cl)OC3Cl)C1(Cl)C2(Cl)Cl,True
108-35-0,CC1=CC(=NN1)OP(=S)(OCC)OCC,True
92065-18-4,CC(=NOC(=O)NC)SC(CC)C(N)=O,True
68922-23-6,CC(C)(C)C1=CC(=C(C=C1C)OP(OC1C=C(C)C(=CC=1C(C)(C)C)C(C)(C)C)OC1C=C(C)C(=CC=1C(C)(C)C)C(C)(C)C)C(C)(C)C,False
1516-67-2,CCOP(=S)(N=[N+]=N)OCC,True
83003-97-8,CC(=O)NC1C=C2NC(=NC2=CC=1)C(F)(F)F,True
59021-03-3,CSCC1=CN=CC=N1,False
61361-60-2,[O-][N+](=O)C1C=C(CNCCO)C(O)=CC=1,True
671-04-5,CC1=CC(OC(=O)NC)=C(Cl)C=C1C,True
98-86-2,CC(=O)C1C=CC=CC=1,False
2162-73-4,CC(C)C1=CC(C(C)C)=C(N=C=O)C(C(C)C)=C1N=C=O,False
71561-11-0,CC1=NN(C)C(OCC(=O)C2C=CC=CC=2)=C1C(=O)C1=CC=C(Cl)C=C1Cl,False
13749-94-5,CSC(C)N=O,False
110-91-8,C1COCCN1,False
17590-01-1,CC(CC1C=CC=CC=1)NC(C#N)C1C=CC=CC=1,True
4548-53-2,CC1C=C(C)C(=CC=1S(O)(=O)=O)N=NC1C=C(C2C=CC=CC=2C=1O)S(O)(=O)=O,False
53220-22-7,CCCCCCCCCCCCCCOC(=O)OOC(=O)OCCCCCCCCCCCCCC,False
375-34-8,FC(F)(F)C(Cl)(Cl)C(Cl)(Cl)C(F)(F)F,False
556-56-9,C=CCI,True
143-08-8,CCCCCCCCCO,False
51781-21-6,CC(C)(C)NCC(O)COC1=CC=CC2NC(=O)CCC=21,False
2094-99-7,CC(=C)C1=CC(=CC=C1)C(C)(C)N=C=O,False
97780-06-8,COC(=O)C1C=CC=CC=1S(=O)(=O)NC(=O)NC1N=C(N=C(NC)N=1)OCC,False
300-42-5,CNC(C)CC1C=CC=CC=1,True
83-26-1,CC(C)(C)C(=O)C1C(=O)C2C=CC=CC=2C1=O,True
40843-82-1,C/N=N/NC1=CC=C(Cl)C=C1,False
77-86-1,NC(CO)(CO)CO,False
52-53-9,CC(C)C(CCCN(C)CCC1C=CC(OC)=C(C=1)OC)(C#N)C1=CC(OC)=C(C=C1)OC,False
1123-25-7,CC1(CCCCC1)C(O)=O,False
69975-86-6,CN1C(=O)C2=C(N=CN2CC2OCCO2)N(C)C1=O,False
88296-62-2,CN(C)C1(CCN(CC1)C1CCCCC1O)C(=O)NC1C(C)=CC=CC=1C,True
538-32-9,NC(=O)NCC1C=CC=CC=1,False
22608-53-3,COP(=O)(SC)SC,True
32210-23-4,CC(=O)OC1CCC(CC1)C(C)(C)C,False
74-96-4,CCBr,False
91893-35-5,NS(=O)(=O)CCNC(=O)N(CCCl)N=O,True
2588-03-6,CCS(=O)CSP(=S)(OCC)OCC,True
3159-29-3,O=C(NC1=CC(Cl)=CC=C1)OCC#CCOC(=O)NC1C=C(Cl)C=CC=1,False
122277-24-1,CC1C=C(C(=CC=1)OC(N)=O)C(=O)OC1C=CC=CC=1,False
2720-73-2,CCCCCOC(S)=S,False
51356-13-9,CCC1C=CC(=O)N(CSP(=S)(OCC)OCC)N=1,True
135-07-9,CN1C(CCl)NC2=CC(Cl)=C(C=C2S1(=O)=O)S(N)(=O)=O,False
56538-01-3,COC1C=CC(=CC=1CNCCCl)[N+]([O-])=O,True
18300-10-2,CCP(=S)(OCC)SCSCSP(=S)(CC)OCC,True
3254-63-5,CSC1C=CC(=CC=1)OP(=O)(OC)OC,True
22620-72-0,CC1=CC(=CC(=O)N1CC=C)OP(=O)(OC)OC,True
10265-92-6,COP(N)(=O)SC,True
141-66-2,CC(=CC(=O)N(C)C)OP(=O)(OC)OC,True
66232-25-5,CCCCOC(=O)CC1C=CC(=CC=1)N(CCCl)CCCl,True
100-37-8,CCN(CCO)CC,False
100299-08-9,CC1=CC=CN2C(=O)C(=CN=C21)C1NN=NN=1,False
1095-90-5,CCC(=O)C(CC(C)N(C)C)(C1C=CC=CC=1)C1C=CC=CC=1,True
1646-88-4,CNC(=O)ON=CC(C)(C)S(C)(=O)=O,True
128-62-1,COC1C2C(=O)OC(C3C4C(OC)=C5OCOC5=CC=4CCN3C)C=2C=CC=1OC,False
54266-44-3,CN=C(O)ON=C1COCS1,True
332-35-4,COC1C=CC(=CC=1)NC(=O)CF,True
90220-15-8,CCP(=O)(OCCC)SCCC,True
4994-16-5,C1C=CCCC1C1C=CC=CC=1,False
22791-20-4,CC1=CC=C(OC(=O)NC)C2OC(C)(C)OC1=2,True
2814-20-2,CC1=CC(=O)N=C(N1)C(C)C,False
299-45-6,Cc1cc(=O)oc2cc(ccc12)OP(=S)(OCC)OCC,True
2310-17-0,CCOP(=S)(OCC)SCN1C(=O)OC2C=C(Cl)C=CC1=2,False
90220-14-7,CP(=O)(OCCC)SCCC,True
38260-01-4,NCCNCCNCCN,False
2893-78-9,O=C1N(Cl)C(=O)NC(=O)N1Cl,False
71868-10-5,CSC1C=CC(=CC=1)C(=O)C(C)(C)N1CCOCC1,False
4935-28-8,CCOP(=S)(Oc1cc2ccccc2oc1=O)OCC,True
84529-59-9,CN(C1C(=CC(=CC=1C(F)(F)F)[N+]([O-])=O)[N+]([O-])=O)C1C=CC(Cl)=CC=1Br,True
7414-83-7,CC(O)(P(O)(O)=O)P(O)(O)=O,False
59130-69-7,CCC(CCCC)C(=O)OCCCCCCCCCCCCCCCC,False
39562-70-4,COC(=O)C1C(C(C(=O)OCC)=C(C)NC=1C)C1C=C(C=CC=1)[N+]([O-])=O,False
91-10-1,COC1=CC=CC(OC)=C1O,False
298-03-3,CCSCCOP(=S)(OCC)OCC,True
135-88-6,C1=C(C=CC2C=CC=CC=21)NC1C=CC=CC=1,False
756-91-2,CC(CC(O)(C(F)(F)F)C(F)(F)F)=CC(O)(C(F)(F)F)C(F)(F)F,True
629-40-3,N#CCCCCCCC#N,False
480-54-6,CC1CC(=CC)C(=O)OC2CCN3CC=C(COC(=O)C1(O)CO)C32,True
77181-69-2,OCC1OC(C(O)C1O)N1C=C(C=CBr)C(=O)NC1=O,False
4570-41-6,NC1=NC2C=CC=CC=2O1,False
68439-49-6,CCCCCCCCCCCCCCCCCOCC,False
69784-43-6,CN(SN(CCCC)CCCC)C(=O)ON=CC(C)(C)SC,True
21564-17-0,N#CSCSC1=NC2C=CC=CC=2S1,False
89427-01-0,FC(F)(F)C1NC2C=C(Cl)C=C(I)C=2N=1,True
50454-68-7,CC1C=C(Cl)C=CC=1CN1N=C(C(O)=O)C2C=CC=CC1=2,False
93-04-9,COC1C=C2C=CC=CC2=CC=1,False
376608-71-8,NC1CC1C1C=CC(F)=C(F)C=1,True
132-17-2,CN1C2CC(CC1CC2)OC(C1C=CC=CC=1)C1C=CC=CC=1,False
2260-08-4,CC(=O)OC1C=CC(=CC=1I)OC1C(I)=CC(=CC=1I)C(O)=O,False
22439-40-3,CC1C=C(OP(=S)(OCC)OCC)C2C=CC=CC=2N=1,True
640-15-3,CCSCCSP(=S)(OC)OC,True
629-17-4,N#CSCCSC#N,True
58652-20-3,CC12CCC3C(C=C(C)C4=CC(=O)CCC43)C1CCC2(OC(C)=O)C(C)=O,False
50539-76-9,CN(SC1C(Cl)=C(Cl)C(Cl)=C(Cl)C=1Cl)C(=O)OC1C=CC=C2CC(C)(C)OC=12,True
89426-98-2,FC1C=C(Br)C2N=C(NC=2C=1)C(F)(F)F,True
103-60-6,CC(C)C(=O)OCCOC1C=CC=CC=1,False
25900-68-9,CN(C)C(=O)ON=C(C#N)C1C=CC=CC=1,True
1474-80-2,CN(C)P(=O)(OP(=O)(OCC)OCC)N(C)C,True
1120-21-4,CCCCCCCCCCC,False
10265-93-7,CCOP(N)(=O)SC,True
1406-66-2,CC(C)CCCC(C)CCCC(C)CCCC1(C)CCC2=C(O1)C(C)=CC(O)=C2C,False
3770-97-6,C=S(=C)(Cl)C1C=CC=C2C(=O)C(C=CC=12)=[N+]=N,False
106358-90-1,CNC(=O)ON=C1SCCOC1C,True
35037-73-1,O=C=NC1C=CC(=CC=1)OC(F)(F)F,False
1889-67-4,CC(C)(C1C=CC=CC=1)C(C)(C)C1C=CC=CC=1,False
541-53-7,NC(=S)NC(N)=S,True
311-44-4,[O-][N+](=O)C1C=CC(=CC=1)OP(=O)(OCCCl)OCCCl,True
27013-89-4,CC(C)CCCCCC1C=CC(O)=CC=1,False
3734-95-0,CC(C)(C#N)NC(=O)CSP(=O)(OCC)OCC,True
89427-00-9,FC(F)(F)C1NC2=CC(I)=CC(Cl)=C2N=1,True
39624-86-7,CCOP(=S)(OC1C=NC(F)=CC=1)OCC,True
113-52-0,CN(C)CCCN1C2C=CC=CC=2CCC2C=CC=CC1=2,False
2595-54-2,CN(C(=O)CSP(=S)(OCC)OCC)C(=O)OCC,True
113614-08-7,CCC(OC1C=C(C(F)=CC=1)C(F)(F)F)/C(/O)=N/CC1C=CC=CC=1,False
46948-72-5,CN(CCCCCC(O)=O)S(=O)(=O)C1C=CC=CC=1,False
33399-00-7,CCOP(=O)(OC(=CBr)C1=CC=C(Cl)C=C1Cl)OCC,True
18069-17-5,CC(CCC(O)=O)C(O)=O,False
7417-67-6,CC(=O)N(C)N=O,True
110-96-3,CC(C)CNCC(C)C,False
18527-35-0,ClC1=CC(=CC=C1)SCC1=NNN=N1,False
21410-51-5,COP(=S)(OC1=CC(Cl)=C(C=C1)S(=O)(=O)N(CC)CC)OC,True
54266-55-6,CN=C(O)ON=C1COCCS1,True
297-97-2,CCOP(=S)(OC1C=NC=CN=1)OCC,True
1563-67-3,C/N=C(\O)/OC1=CC=CC2CC(C)OC1=2,True
58066-85-6,CCCCCCCCCCCCCCCCOP(O)(=O)OCC[N+](C)(C)C,False
23395-20-2,CC(=C)C(=O)OC[Si]12OCCN(CCO1)CCO2,False
124-03-8,CCCCCCCCCCCCCCCC[N+](C)(C)CC,False
75096-86-5,CN(C(=O)OC1C=CC=C2CC(C)(C)OC2=1)C(=O)C[N+](C)(C)C,True
63716-53-0,CCOP(=S)(OCC)SC1(Cl)OCCCC1(Cl)Cl,True
14974-71-1,C(SCC1CO1)C1CO1,True
3209-22-1,[O-][N+](=O)C1=CC=CC(Cl)=C1Cl,False
3425-46-5,N#C[Se-],True
61361-61-3,COC1=CC=C(C=C1CNCCO)[N+]([O-])=O,True
23422-53-9,CNC(=O)OC1C=C(C=CC=1)N=CN(C)C,True
107-44-8,CC(C)OP(C)(=O)F,True
1740-11-0,CN1C(=O)C2C(C3C(C2C=C3C(O)(C2C=CC=CN=2)C2C=CC=CC=2)=C(C2C=CC=CN=2)C2C=CC=CC=2)C1=O,True
101827-46-7,CN(CC1=CC=CC2C=CC=CC1=2)CC1C=CC(=CC=1)C(C)(C)C,False
2255-17-6,CC1C=C(C=CC=1[N+]([O-])=O)OP(=O)(OC)OC,True
2338-29-6,FC(F)(F)C1NC2C(N=1)=C(Cl)C(Cl)=C(Cl)C=2Cl,True
558-25-8,CS(=O)(=O)F,True
98565-18-5,CN(C(=O)CNCP(O)(O)=O)S(C)(=O)=O,True
80-07-9,O=S(=O)(C1C=CC(Cl)=CC=1)C1C=CC(Cl)=CC=1,False
50673-11-5,CN(SC1C=C(Cl)C=CC=1Cl)C(=O)OC1C=CC=C2CC(C)(C)OC=12,True
117774-38-6,CNC(CC(N)=O)C(=O)NC(=O)C(NC1C2SC(C)(C)C(C(O)=O)N2C1=O)C1C=CC(O)=CC=1,False
542-58-5,CC(=O)OCCCl,True
95-06-7,CCN(CC)C(=S)SCC(=C)Cl,False
328-04-1,CCP(=S)(OC(C)C)OC1=CC=C(C=C1Cl)[N+]([O-])=O,True
57117-31-4,ClC1=C(Cl)C2OC3C=C(Cl)C(Cl)=CC=3C=2C=C1Cl,True
78327-32-9,CN1CC(O)N(C1=O)C1C=C(ON=1)C(C)(C)C,False
897-83-6,CCOP(=O)(Oc1cc2oc(=O)ccc2cc1)OCC,True
28861-00-9,CC(CC1C=C(OC)C(=CC=1)OC)(NC(N)=O)C(O)=O,False
335153-21-4,CCCCC(OC1=CC=C(C=C1C=O)[N+]([O-])=O)C(O)=O,False
115-90-2,CS(=O)C1C=CC(=CC=1)OP(=S)(OCC)OCC,True
6362-80-7,CC(C)(CC(=C)C1C=CC=CC=1)C1C=CC=CC=1,False
154619-58-6,CN1CCN(CCCCCCCCNC(=O)OC2C=C3C(=CC=2)N(C)C2N(C)CCC32C)CC1,True
60-57-1,ClC1(Cl)C2(Cl)C3C4CC(C5OC54)C3C1(Cl)C(Cl)=C2Cl,True
61361-58-8,COC1=CC=C(C=C1CNCCBr)[N+]([O-])=O,True
471-25-0,C#CC(O)=O,False
78467-30-8,CN1C(=O)CCC2C(=CC=CC1=2)OCCCN1CCC(CC2C=CC=CC=2)CC1,False
23205-23-4,NC1=CC(OCC2C=CC=CC=2)=C(C=C1Cl)C(=O)NCCN1CCOCC1,True
973-21-7,CC(C)OC(=O)OC1C(=CC(=CC=1[N+]([O-])=O)[N+]([O-])=O)C(C)CC,False
66637-35-2,CN1C(C)C(=NOC(=O)N(C)SC(Cl)(Cl)Cl)SCC1=O,True
64037-13-4,NC1=NC2C=C(I)C=CC=2O1,False
3568-56-7,CC1=CC(=CC=C1SC)OP(=O)(NC)OCC,True
437-38-7,CCC(=O)N(C1CCN(CCC2C=CC=CC=2)CC1)C1C=CC=CC=1,True
50802-69-2,CN(SC1C=CC(F)=CC=1)C(=O)OC1C=CC=C2CC(C)(C)OC=12,True
622-08-2,OCCOCC1C=CC=CC=1,False
135-20-6,ON(N=O)C1C=CC=CC=1,False
60763-41-9,CCCCCC(=CC1C=CC=CC=1)C(OCC)OCC,False
17737-65-4,CC1C(Cl)=CC=CC=1NC1N=CC=CC=1C(O)=O,False
82875-37-4,CC1N=C(SC=1C(=O)NCCC)C1=CC(OC)=C(OC)C(=C1)OC,False
32861-85-1,COC1=CC(=CC=C1[N+]([O-])=O)OC1=CC=C(Cl)C=C1Cl,False
134701-20-5,CCCCCCCCCCCCCCC(C)C1=CC(C)=CC(C)=C1O,False
1020-35-5,CC1C=CC(=CC=1C(C)CC)OC(=O)NC,True
105770-83-0,C=CCSC1NC2C=C(CC3C=CC=CC=3)C=CC=2N=1,False
103-85-5,NC(=S)NC1C=CC=CC=1,True
5823-25-6,CCOC(=O)COP(=S)(OCC)OCC,False
58011-68-0,CC1C=CC(=CC=1)S(=O)(=O)OC1=C(C(=O)C2=CC=C(Cl)C=C2Cl)C(C)=NN1C,False
58327-09-6,CC1CC(CC(C)(C)C1)OC(=O)COC1C=CC(F)=CC=1,False
66357-35-5,CNC(=C[N+]([O-])=O)NCCSCC1=CC=C(CN(C)C)O1,False
32568-89-1,CC(CN1C(=O)N(CC2CO2)C(C)(C)C1=O)OCC1CO1,False
2866-82-2,O=C(NC1C=CC(Cl)=CC=1)C1C=CC=CC=1,False
4957-16-8,CC1C=C(C)C(C)=CC=1CC1C=C(C)C(C)=CC=1C,False
315-18-4,CC1C=C(C=C(C)C=1N(C)C)OC(=O)NC,True
90220-19-2,CCCP(=O)(OC)SC,True
31876-38-7,OC1=CC(=O)C1=O,True
1631-64-7,CNC(=O)ON=C1SCCS1,True
123252-99-3,CC(C)=CC(NC(=O)C1C(=O)C2SC(Cl)=CC=2S(=O)(=O)N1C)[N+]1C=CC=CC=1,True
111686-79-4,CC(CC1C=CC=CC=1)(NC(=O)CN)C1C=CC=CC=1,False
3385-03-3,CC1(C)OC2CC3C4CC(F)C5=CC(=O)C=CC5(C)C4C(O)CC3(C)C2(O1)C(=O)CO,True
813-84-3,COP(=O)(OC)C(O)(C(F)F)C(F)F,True
102-27-2,CC1C=C(C=CC=1)NCC,False
104-27-8,CCC(=O)C=CC1C=CC(=CC=1)OC,False
12663-46-6,CCC1NC(=O)C2C(Cl)C(Cl)CN2C(=O)C(CO)NC(=O)CC(NC(=O)C(CO)NC1=O)C1C=CC=CC=1,True
4051-63-2,NC1C=CC(=C2C=1C(=O)C1C=CC=CC=1C2=O)C1=CC=C(N)C2=C1C(=O)C1=CC=CC=C1C2=O,False
455-14-1,NC1=CC=C(C=C1)C(F)(F)F,False
2667-40-5,CCSC(=COP(=O)(OCC)OCC)SCC,True
5836-29-3,OC1=C(C2CCCC3C=CC=CC=32)C(=O)OC2C=CC=CC=21,True
17334-68-8,CC1ON=C2C(=O)NN=C(C2=1)C1C=CC=CC=1,False
28548-09-6,OC1C2C3OC3C1C1C2C2(Cl)C(Cl)=C(Cl)C1(Cl)C2(Cl)Cl,True
598-52-7,CNC(N)=S,True
36014-72-9,CN(C)S(=O)(=O)C1=C2N=C(NC2=C(Cl)C(Cl)=C1Cl)C(F)(F)F,True
32838-28-1,CC(CC(=O)NCC(CCCC)CC)OC(=O)CCC(O)=O,False
59375-61-0,CC1(C)SCSC1=NOC(=O)NC,True
12712-28-6,OCC(CCl)(CCl)CO,True
372-77-0,O=C(CF)OCCOC(=O)CF,True
26401-35-4,CC(C)CCCCCCCCCCOC(=O)CCCCC(=O)OCCCCCCCCCCC(C)C,False
450-55-5,O=C(CF)NC1C=CC(=CC=1)C1C=CC=CC=1,True
125055-55-2,CC1=CC=CC2=NC=C(C(=O)N12)C(=O)NCCCCC,False
53615-23-9,FC(F)(F)C1NC2=CC(Br)=C(Cl)C(Br)=C2N=1,True
40618-52-8,COP(=S)(CC)OC(C)CC,True
17557-23-2,CC(C)(COCC1CO1)COCC1CO1,False
112143-77-8,CC1N=C(N=C(NC(=O)NS(=O)(=O)C2C=CC=CC=2Cl)N=1)OC,False
15536-01-3,COP(=O)(CC)OC1C=CC(=CC=1)[N+]([O-])=O,True
54266-83-0,CC(C)C1OCSC1=NOC(O)=NC,True
4947-89-1,NC(=S)NC1C=C(Cl)C=CC=1,True
4418-66-0,CC1=CC(Cl)=CC(SC2C=C(Cl)C=C(C)C=2O)=C1O,True
555-77-1,ClCCN(CCCl)CCCl,True
107187-05-3,CCCCCCOC1C=CC(=CC=1)NNC=O,False
58041-19-3,C1CSC(=C(O1)C1C=CC=CC=1)C1C=CC=CC=1,False
72739-69-6,COC1C=CC(=CC=1)C1OC2C=CC(=CC=2C(=O)C=1OC(C)C)C(O)=O,False
26523-78-4,CCCCCCCCCC1C=CC(=CC=1)OP(OC1C=CC(CCCCCCCCC)=CC=1)OC1C=CC(CCCCCCCCC)=CC=1,False
79-06-1,C=CC(N)=O,False
32222-06-3,CC(C)(O)CCCC(C)C1CCC2C(CCCC21C)=CC=C1CC(O)CC(O)C1=C,True
79-74-3,CC(C)(CC)C1C=C(O)C(=CC=1O)C(C)(C)CC,False
78-11-5,[O-][N+](=O)OCC(CO[N+]([O-])=O)(CO[N+]([O-])=O)CO[N+]([O-])=O,False
3896-11-5,CC1C=C(C(O)=C(C=1)N1N=C2C=C(Cl)C=CC2=N1)C(C)(C)C,False
1071-22-3,N#CCC[Si](Cl)(Cl)Cl,False
89427-15-6,FC1=CC(F)=C(F)C2NC(=NC1=2)C(F)(F)F,True
60559-98-0,CCC(C)(C)/N=C(\NC#N)/NC1=CN=CC=C1,True
42482-06-4,CCCCCC=CCC1CC(=O)OC1=O,False
62382-23-4,CN(SN1CCOCC1)C(=O)ON=CC(C)(C)SC,True
536-60-7,CC(C)C1C=CC(CO)=CC=1,False
121-44-8,CCN(CC)CC,False
6609-38-7,[O-][N+](=O)C1=CC(=C2N=C(NC2=C1)C(F)(F)F)[N+]([O-])=O,True
59375-71-2,CNC(=O)ON=C1SCCSC1C,True
63884-40-2,CC(C)NNCS(O)(=O)=O,False
990-73-8,CCC(=O)N(C1CCN(CCC2C=CC=CC=2)CC1)C1C=CC=CC=1,True
97755-90-3,ClCC[N+]1(CCCO1)CCCCCC[N+]1(CCCl)CCCO1,True
62666-20-0,N=C(O)CCCN=C(C1C=C(F)C=CC=1O)C1C=CC(Cl)=CC=1,False
591-50-4,IC1C=CC=CC=1,False
2315-02-8,CC1C(O)=C(C=C(C)C=1CC1NCCN=1)C(C)(C)C,True
64399-29-7,CN1C=C(C(=O)N2C(C)CCC=C12)C(=N)O,False
75980-60-8,CC1C=C(C)C=C(C)C=1C(=O)P(=O)(C1C=CC=CC=1)C1C=CC=CC=1,False
81250-17-1,CC1NC2=C(N=1)N(CC(C)C)C(=O)N(CC=C)C2=O,True
1050-48-2,CC[N+]1(CC(CC1)OC(=O)C(O)(C1C=CC=CC=1)C1C=CC=CC=1)CC,False
2514-52-5,O=C1C(Cl)=C(Cl)C(Cl)(Cl)C1(Cl)Cl,False
1943-27-7,CC1=NC2C=CC=CC=2C(=O)N1C1C=CC(Br)=CC=1,False
63917-40-8,CP1B(C)P(C)B(C)P(C)B1C,True
207574-76-3,CC1=C(NC(O)=O)C(C=CC1(NC(O)=O)C1C=C(C=CC=1)C1=CC=CC(=NC(=O)CN)C1C)=NC(=O)CN,False
54266-46-5,CN=C(O)ON=C1SCOC1C,True
4697-14-7,CC1(C)SC2C(NC(=O)C(C3=CSC=C3)C(O)=O)C(=O)N2C1C(O)=O,False
74051-80-2,CC(CC1CC(O)=C(C(=O)C1)C(CCC)=NOCC)SCC,False
2425-25-4,CCOC(=O)CSP(=O)(OCC)OCC,True
84-76-4,CCCCCCCCCOC(=O)C1C=CC=CC=1C(=O)OCCCCCCCCC,False
66508-37-0,ON(CCCP(O)(O)=O)C=O,False
78816-48-5,CCOC(=O)NC1C=C2C(CCC3=CC=CC=C3N2C(=O)CCN(CC)CC)=CC=1,False
51-28-5,[O-][N+](=O)C1C=C(C=CC=1O)[N+]([O-])=O,True
94876-55-8,CCOC1(CCN(CC1C)CCC1C=CC=CC=1)C1=CC=CO1,True
25606-41-1,CCCOC(=O)NCCCN(C)C,False
13076-17-0,CC1OC(=O)C(C)OC1=O,False
63938-21-6,COc1ccc2c(=O)c(C)c(C)oc2c1CN1CCOCC1,True
2917-19-3,CCC(C)C1=CC(OC(=O)NC)=C(Cl)C=C1,True
18637-00-8,[H]/N=C(\N)/C1=CC=CC=C1OCC,False
15180-03-7,"C=CC[N+]12CC(=CCO)C3CC1C1(CC2)C2C3=CN3C4C(=CN2C2C=CC=CC1=2)C1CC2C4(CC[N+]2(CC1=CCO)CC=C)C1C=CC=CC3=1 |c:23,t:19|",True
110-40-7,CCOC(=O)CCCCCCCCC(=O)OCC,False
64050-03-9,CC1C=CC(=CC=1OC(=O)NC)[N+](C)(C)C,True
1663-35-0,COCCOC=C,False
27311-52-0,NC1=CC(CC2C=C(N)C=CC=2O)=C(O)C=C1,True
3099-88-5,CC1C=CC=CC=1SP(=S)(CC)OCC,True
6926-73-4,CCOP(=S)(OCC)SSSP(=S)(OCC)OCC,False
1942-78-5,CC1C=C(C=CC=1Cl)SP(=S)(CC)OCC,True
1596-09-4,CC1=CC(C2CCCCC2)=C(O)C=C1,False
6358-37-8,CC(=O)C(N=NC1=CC=C(C=C1Cl)C1=CC(Cl)=C(C=C1)N=NC(C(=O)NC1C=CC(C)=CC=1)C(C)=O)C(=O)NC1C=CC(C)=CC=1,False
950-37-8,COC1=NN(CSP(=S)(OC)OC)C(=O)S1,True
18787-40-1,CCCCCCCCC1=CC=C(C=C1)C(=O)CCN1CCCCC1,False
119-17-5,CC1CC(=O)N(N=1)C1=CC(=CC=C1)S(O)(=O)=O,False
51356-23-1,CC1=CC(=O)N(CSP(=O)(OCC)OCC)N=C1Cl,True
2082-81-7,CC(=C)C(=O)OCCCCOC(=O)C(C)=C,True
543-82-8,CC(C)CCCC(C)N,False
2104-96-3,COP(=S)(OC1=CC(Cl)=C(Br)C=C1Cl)OC,False
151-50-8,C#N,True
23327-57-3,CN1CC2C=CC=CC=2C(OCC1)C1C=CC=CC=1,False
679-36-7,CCOP(=O)(OCC)C(O)(C(F)F)C(F)F,True
32527-55-2,OCCN1CCN(CC1)C(=O)CN1C2=CC(Cl)=CC=C2SC1=O,False
74764-40-2,CC(C)COCC(CN(CC1=CC=CC=C1)C1=CC=CC=C1)N1CCCC1,False
34465-46-8,ClC1=CC2OC3=C(C=C(Cl)C(Cl)=C3Cl)OC=2C(Cl)=C1Cl,True
23947-60-6,CC1N=C(NCC)N=C(O)C=1CCCC,False
4634-51-9,CCCN1C(=O)C2C(C3C=C(C2C3=C(C2C=CC=CN=2)C2C=CC=CC=2)C(O)(C2C=CC=CN=2)C2C=CC=CC=2)C1=O,True
104-92-7,COC1C=CC(Br)=CC=1,False
35044-59-8,CC1C=CCC(C)(C)C=1C(=O)OCC,False
140-01-2,OC(=O)CN(CCN(CC(O)=O)CC(O)=O)CCN(CC(O)=O)CC(O)=O,False
89426-94-8,FC1C2N=C(NC=2C=CC=1Cl)C(F)(F)F,True
765-63-9,FC1(F)OCC1(F)F,False
84-65-1,O=C1C2C=CC=CC=2C(=O)C2C=CC=CC1=2,False
2579-20-6,NCC1CC(CCC1)CN,False
7070-71-5,CNC(=O)OC1=CC=CC=C1C1OCC=CCO1,True
134-97-4,CCN1CN(CO)C(=O)N(C1)CO,False
7483-25-2,CCCCOC(=O)C1=CC=CC=C1C(=O)OCCOCCOC(=O)C1=CC=CC=C1C(=O)OCCCC,False
50-10-2,C[N+](CCOC(=O)C(O)(C1CCCCC1)C1C=CC=CC=1)(CC)CC,False
59227-89-3,CCCCCCCCCCCCN1CCCCCC1=O,False
1120-10-1,OC(=O)CCCCCCCCCl,False
89427-21-4,CC1C(Cl)=C(Br)C=C2NC(=NC2=1)C(F)(F)F,True
83805-11-2,CC12CCCC(=CC=C3CC(O)CC(O)C3=C)C1CCC2C(C)CCCC(O)(C(F)(F)F)C(F)(F)F,True
60244-60-2,COC1C(=O)N(C)N=CC=1OP(=S)(OCC)OCC,True
638-65-3,CCCCCCCCCCCCCCCCCC#N,False
541-02-6,C[Si]1(C)O[Si](C)(C)O[Si](C)(C)O[Si](C)(C)O[Si](C)(C)O1,False
75-64-9,CC(C)(C)N,True
78-52-4,CC(C)SCSP(=S)(OCC)OCC,True
123277-35-0,COC1C=CC(=CC=1)C(=O)OC1=C(C(=O)NC2C=CC=CN=2)N(C)S(=O)(=O)C2C=CSC=21,True
5137-55-3,C[N+](CCCCCCCC)(CCCCCCCC)CCCCCCCC,False
5124-30-1,O=C=NC1CCC(CC2CCC(CC2)N=C=O)CC1,False
1593-27-7,CCP(=S)(OC1C=CC(Cl)=CC=1Cl)OCC,True
5343-92-0,OCCCCCO,False
34014-18-1,CNC(=O)N(C)C1=NN=C(S1)C(C)(C)C,False
24096-53-5,O=C1CCC(=O)N1C1C=C(Cl)C=C(Cl)C=1,False
88599-49-9,CC1=CC(=CC=C1)OC(=O)C1=CC=CC=C1OC(N)=O,False
50-47-5,CNCCCN1C2C=CC=CC=2CCC2C=CC=CC1=2,False
103628-48-4,CNS(=O)(=O)CC1C=C2C(=CC=1)NC=C2CCN(C)C,False
630-10-4,NC(N)=[Se],True
4104-14-7,[H]/N=C(\C)/NP(=S)(OC1=CC=C(Cl)C=C1)OC1=CC=C(Cl)C=C1,True
870-72-4,OCS(O)(=O)=O,False
51-42-3,CNCC(O)C1=CC(O)=C(O)C=C1,True
105-75-9,CCCCOC(=O)C=CC(=O)OCCCC,False
55242-55-2,CN1C2N=CN(CCC)C=2C(=O)N(CCCCC(C)=O)C1=O,False
74531-87-6,CCOC(=O)C(=O)NC1=NC(=CS1)C1C=CC=CC=1,False
52-85-7,CN(C)S(=O)(=O)C1C=CC(=CC=1)OP(=S)(OC)OC,True
63333-35-7,CN(C1C(Br)=CC(Br)=CC=1Br)C1C(=CC(=CC=1[N+]([O-])=O)[N+]([O-])=O)C(F)(F)F,True
2439-99-8,OC(=O)CN(CP(O)(O)=O)CP(O)(O)=O,False
97-95-0,CCC(CO)CC,False
10331-57-4,[O-][N+](=O)C1=CC(Cl)=CC(C2=CC(Cl)=CC(=C2O)[N+]([O-])=O)=C1O,True
2338-27-4,FC(F)(F)C1NC2=CC(Cl)=C(Cl)C(Cl)=C2N=1,True
501-53-1,O=C(Cl)OCC1C=CC=CC=1,False
41035-29-4,FC(F)(F)C1NC2C(N=1)=C(Br)C(Cl)=C(Cl)C=2Br,True
34148-01-1,OC(=O)C1CCC2C=C(C3CCCCC3)C(Cl)=CC=21,True
24880-45-3,CCC=CCC=CCC=CCC=CCC=CCCCCCC(O)=O,False
80-04-6,CC(C)(C1CCC(O)CC1)C1CCC(O)CC1,False
51356-06-0,CCOP(=S)(OCC)SCN1N=CC=CC1=O,True
90-41-5,NC1C=CC=CC=1C1C=CC=CC=1,False
104-50-7,CCCCC1CCC(=O)O1,False
1421-68-7,CNCC(O)C1=CC(=CC=C1)NS(C)(=O)=O,True
95-63-6,CC1=CC(C)=C(C)C=C1,False
152-02-3,C=CCN1CCC23CCCCC2C1CC1C=CC(O)=CC3=1,False
32887-01-7,CC1(C)SC2C(N=CN3CCCCCC3)C(=O)N2C1C(O)=O,False
125055-60-9,CC1=CC=CC2=NC=C(C(=O)N12)C(=O)NC(C)(C)CC,False
59375-53-0,CNC(=O)ON=C1SCCSC1(C)C,True
84-12-8,O=C1C2N=CC=CC=2C2C=CC=NC=2C1=O,True
422-56-0,FC(F)(F)C(F)(F)C(Cl)Cl,False
57966-95-7,CCNC(=O)NC(=O)C(C#N)=NOC,False
50816-18-7,CC(=O)OCCCCCCCCC=C,False
60676-84-8,COC1C=C(CC(C)N)C=C2OCOC2=1,False
115-26-4,CN(C)P(=O)(F)N(C)C,True
615-58-7,OC1=CC=C(Br)C=C1Br,True
4499-01-8,NC1=C2C(=C(C=C1S(O)(=O)=O)NC1=CC(NC3N=C(Cl)N=C(Cl)N=3)=C(C=C1)S(O)(=O)=O)C(=O)C1C=CC=CC=1C2=O,False
1186-09-0,CCSP(=O)(OCC)OCC,True
6320-14-5,CC1(C)/C(=C/C=C/C2=[N+](C)C3=CC=CC=C3C2(C)C)/N(C)C2=CC=CC=C12,True
58995-43-0,CCOP(C)(=S)OC1C=CC2=NC=CC=C2C=1,True
80-15-9,CC(C)(OO)C1C=CC=CC=1,False
1918-08-7,CC1C=C(C(=C(C=1)[N+]([O-])=O)N(CCC)CCC)[N+]([O-])=O,False
66839-99-4,OC1=CC=C(C=C1CN1CCCCC1)C1C=CC=CC=1,True
24353-61-5,COP(N)(=S)OC1C=CC=CC=1C(=O)OC(C)C,True
124-02-7,C=CCNCC=C,False
156-60-5,ClC=CCl,False
78-53-5,CCN(CCSP(=O)(OCC)OCC)CC,True
68955-20-4,CCCCCCCCCCCCCCCCCOS(O)(=O)=O,False
6587-45-7,CS(=O)C1C=CC(=CC=1)OP(=S)(CC)OCC,True
6223-35-4,CC1C=CC(=CC2C=1C(=CC=2C)S(O)(=O)=O)C(C)C,False
1893-33-0,NC(=O)C1(CCN(CCCC(=O)C2=CC=C(F)C=C2)CC1)N1CCCCC1,False
75-59-2,C[N+](C)(C)C,True
152-16-9,CN(C)P(=O)(OP(=O)(N(C)C)N(C)C)N(C)C,True
3671-67-8,CC(C)(C)C1=CC2NC(=NC=2C=C1)C(F)(F)F,True
107-74-4,CC(CCO)CCCC(C)(C)O,False
64902-72-3,CC1N=C(N=C(NC(=O)NS(=O)(=O)C2C=CC=CC=2Cl)N=1)OC,False
2885-39-4,CC(=O)OC1(C)CC(C)C(=O)C(C1)C(O)CC1CC(=O)NC(=O)C1,True
67-30-1,OC1C(I)=CC(=CC=1I)OC1=C(I)C=C(CC(O)=O)C=C1I,True
2404-05-9,CSP(=O)(OCC)OCC,True
59375-67-6,CC1(C)SC(CS1)=NOC(=O)NC,True
144-49-0,OC(=O)CF,True
7682-32-8,FC(F)(F)C1NC2C=C(Br)C(Br)=C(Br)C=2N=1,True
71617-10-2,COC1=CC=C(C=CC(=O)OCCC(C)C)C=C1,False
89426-87-9,CCC1C=C2NC(=NC2=CC=1)C(F)(F)F,True
123199-94-0,CC1C=CC(=CC=1)S(=O)(=O)NC(=O)NC(=O)C(Cl)(Cl)Cl,False
9005-38-3,OC1OC(C(O)C(O)C1O)C(O)=O,False
17356-42-2,CCOP(=O)(OCC)SCSP(=S)(OCC)OCC,True
5633-25-0,CC(=O)OC(CC)C(CC(C)NC)(C1C=CC=CC=1)C1C=CC=CC=1,True
3070-16-4,CSC1C=CC(=CC=1)OP(=S)(OC)OC,True
128-53-0,CCN1C(=O)C=CC1=O,True
106358-91-2,CCC1OCCSC1=NOC(=O)NC,True
31652-69-4,COCC1OC(=O)C2=COC3=C2C1(C)C1CCC2(C)C(CCC2=O)C=1C3=O,True
73963-72-1,O=C1CCC2C=C(C=CC=2N1)OCCCCC1=NN=NN1C1CCCCC1,False
32828-81-2,COC1C=CC(=CC=1C(=O)NCC1C=NC=CC=1)C(=O)NCC1C=NC=CC=1,False
1162-65-8,COC1=CC2OC3OC=CC3C=2C2OC(=O)C3=C(CCC3=O)C1=2,True
109825-47-0,CC(C)(C)C1C=C(C=C(C=1NC1C=CC(=CC=1[N+]([O-])=O)[N+]([O-])=O)[N+]([O-])=O)[N+]([O-])=O,True
4634-47-3,COCCN1C(=O)C2C(C3C(C2C=C3C(O)(C2C=CC=CN=2)C2C=CC=CC=2)=C(C2C=CC=CN=2)C2C=CC=CC=2)C1=O,True
2876-78-0,COC(=O)CC1C=CC=C2C=CC=CC2=1,False
99233-24-6,CCC(O)(CC)C1NN=CC=1Cl,False
91-15-6,N#CC1=CC=CC=C1C#N,True
351-05-3,O=C(CF)NC1C=CC(Br)=CC=1,True
25601-84-7,CC(=CC(=O)N(C)OC)OP(=O)(OC)OC,True
2591-57-3,COP(=S)(OCC)OC1=CC=C(C=C1)[N+]([O-])=O,True
98519-35-8,CC1(C)CC(C)OC(CN2C=NC=N2)(O1)C1=CC2=CC=CC=C2O1,False
69-33-0,NC1N=CN=C2C=1C=CN2C1OC(CO)C(O)C1O,True
67658-42-8,CCN1CC(CC2C1CC1=CNC3C=CC=C2C1=3)CC(N)=O,True
105-34-0,COC(=O)CC#N,False
142-90-5,CC(=C)C(=O)OCCCCCCCCCCCC,False
49748-76-7,OC1C2C3OC3C1C1C2C2(Cl)C(Cl)=C(Cl)C1(Cl)C2(Cl)Cl,True
6609-37-6,[O-][N+](=O)C1C=C(Br)C2N=C(NC=2C=1)C(F)(F)F,True
89427-39-4,COC1C(Cl)=C(Cl)C2NC(=NC=2C=1Cl)C(F)(F)F,True
50-34-0,C[N+](CCOC(=O)C1C2=CC=CC=C2OC2C=CC=CC=21)(C(C)C)C(C)C,False
27554-26-3,CC(C)CCCCCOC(=O)C1=CC=CC=C1C(=O)OCCCCCC(C)C,False
1755-97-1,CC1(C)COS(=O)(=O)OC1,True
37296-80-3,NCCNCCNCCNCCN,False
36734-19-7,CC(C)NC(=O)N1CC(=O)N(C2C=C(Cl)C=C(Cl)C=2)C1=O,False
29689-00-7,CCOP(=S)(OC1C=CC=CC=1[N+]([O-])=O)OCC,True
14086-35-2,CC1C=C(C=CC=1S(C)(=O)=O)OP(=O)(OC)OC,True
11077-03-5,CC12CC(C)CC(CCCCCCCC(O)CC3OC(O)(CC(O)C(C)C=CC(O)CCC(O)C(O)C4CC(O)C(O)C(CC(O)C(O)CC5OC(CC(O)C=CC=CCC(O)C(O)C(O)CC=CC(=C)CCC(O)C(O)C(O)C(C)CC6OC(C=CC(O)C(O)CC7CC8CC(O7)C(CCC7OC(CN)CC7O)O8)C(O)C(O)C6O)C(O)C(O)C5O)O4)C(O)C(O)C3O)(O1)OC2CC(C)CCCCCC(O)C(O)C(O)C(O)C(O)C1OC(CC(O)C(O)C(C)=CC(O)CC(C)C(=O)C(O)N=CCC(=O)NCCCO)C(O)C(O)C1O,True
17773-41-0,CSCCC(O)C#N,True
20417-83-8,CC(=NOC(O)=NC)C(C)(C)[N+]([O-])=O,True
404-42-2,O=C(CF)NC1=CC=C(F)C=C1,True
86-50-0,COP(=S)(OC)SCN1N=NC2C=CC=CC=2C1=O,True
333-20-0,N#CS,False
29806-73-3,CCCCC(COC(=O)CCCCCCCCCCCCCCC)CC,False
90982-32-4,COC1C=C(Cl)N=C(NC(=O)NS(=O)(=O)C2C=CC=CC=2C(=O)OCC)N=1,False
30685-43-9,COC1C(O)CC(OC1C)OC1C(O)CC(OC1C)OC1C(O)CC(OC2CCC3(C)C4CC(O)C5(C)C(CCC5(O)C4CCC3C2)C2COC(=O)C=2)OC1C,True
64047-35-4,CCCCOC(=O)C(Cl)(Cl)OC1C=CC=CC=1,False
57333-96-7,CC(C)C(O)CCC(C)C1CCC2C(CCCC21C)=CC=C1CC(O)CC(O)C1=C,True
5683-30-7,C[Si](C)(C)CCC(O)=O,False
88599-37-5,COC(=O)C1=CC(Cl)=CC=C1OC(N)=O,False
21436-97-5,CC1C=C(C)C(C)=CC=1N,False
87310-56-3,CC=CCOCN(C(=O)CCl)C1C(CC)=CC=CC=1CC,False
127-25-3,CC(C)C1CCC2C(C=1)=CCC1C(C)(CCCC21C)C(=O)OC,False
96-19-5,ClCC(Cl)=CCl,False
23674-86-4,CC(=O)OCC(=O)C1(CCC2C3CC(F)C4=CC(=O)C=CC4(C)C3(F)C(O)CC12C)OC(=O)CCC,False
111-31-9,CCCCCCS,False
88599-33-1,NC(=O)OC1=CC=CC=C1C(=O)OC1C=CC=CC=1,False
98477-07-7,CC(C)(C)N1N=CC(C(=O)NC)=C1C#N,False
85813-73-6,O=C=NS(=O)(=O)C1=CC=CC=C1C(F)(F)F,False
84-97-9,CN1CCN(CCCN2C3C=CC=CC=3SC3C=CC=CC2=3)CC1,False
52-24-4,S=P(N1CC1)(N1CC1)N1CC1,True
2047-14-5,CCOP(=S)(OCC)SCC(N)=O,True
96489-71-3,CC(C)(C)N1N=CC(SCC2C=CC(=CC=2)C(C)(C)C)=C(Cl)C1=O,False
500-38-9,CC(CC1=CC(O)=C(O)C=C1)C(C)CC1=CC(O)=C(O)C=C1,False
78-40-0,CCOP(=O)(OCC)OCC,False
886-74-8,NC(=O)OCC(O)COC1C=CC(Cl)=CC=1,False
22457-23-4,CC(CC(CC)N=O)CC,False
996-04-3,CP(=O)(SCCC)SCCC,True
87-62-7,CC1C=CC=C(C)C=1N,False
3687-13-6,CS(=O)(=O)OC1C=CC(Cl)=CC=1Cl,False
6434-38-4,CN(C)C(=O)CN1C(=O)C2C(C3C(=CC2C3=C(C2C=CC=CN=2)C2C=CC=CC=2)C(O)(C2C=CC=CN=2)C2C=CC=CC=2)C1=O,True
15863-65-7,COP(=S)(OC(C)C)SCN1C(=O)C2C=CC=CC=2C1=O,True
74738-17-3,N#CC1=CNC=C1C1C=CC=C(Cl)C=1Cl,False
2922-54-5,OC(=O)CCC(O)=O,False
513-10-0,C[N+](C)(C)CCSP(=O)(OCC)OCC,True
6609-53-6,FC(F)(F)C1NC2C=C(Br)C=C(Br)C=2N=1,True
1031-47-6,CN(C)P(=O)(N1N=C(N=C1N)C1C=CC=CC=1)N(C)C,True
6789-88-4,CCCCCCOC(=O)C1C=CC=CC=1,False
556-88-7,[H]/N=C(\N)/N[N+]([O-])=O,False
117617-70-6,CCCCCCCCOP(O)(=O)OCCC(Cl)Cl,False
918-85-4,CCC(C)(O)C=C,False
67874-80-0,CC(C)CCCC(C)CCOC(=O)CCC,False
3696-23-9,NC(=S)NC1C=CC(Cl)=CC=1,True
15826-16-1,CCCCCCCCCCCCOCCOS(O)(=O)=O,False
121-81-3,NC(=O)C1C=C(C=C(C=1)[N+]([O-])=O)[N+]([O-])=O,False
26818-53-1,CC(CC)NC(=S)C(=S)NC(C)CC,True
60971-95-1,CCOP(=O)(OC(C1C=CC(Cl)=CC=1Cl)=C(Cl)Br)OCC,True
21593-23-7,CC(=O)OCC1CSC2C(NC(=O)CSC3C=CN=CC=3)C(=O)N2C=1C(O)=O,False
1575-61-7,O=C(Cl)CCCCCl,False
1001-55-4,CC(=O)OCC#N,True
19408-74-3,ClC1=CC2OC3C=C(Cl)C(Cl)=C(Cl)C=3OC=2C(Cl)=C1Cl,True
2654-58-2,CC1(C)CN(NC1=O)C1C=CC=CC=1,True
22850-19-7,CN(C)P(=S)(Cl)N1C=NC=C1,True
92823-03-5,COC1(NC(=O)CSC(F)F)C2OCC(CSC3=NN=NN3CCO)=C(C(O)=O)N2C1=O,False
54573-75-0,CC(C)C(C)C=CC(C)C1CCC2C(CCCC21C)=CC=C1CC(O)CC(O)C1=C,True
103-71-9,O=C=NC1C=CC=CC=1,False
1117-86-8,CCCCCCC(O)CO,False
1631-28-3,CC1C=CC(=CC=1)N1C(=O)C=CC1=O,False
153233-91-1,CCOC1C=C(C=CC=1C1COC(=N1)C1C(F)=CC=CC=1F)C(C)(C)C,False
57645-49-5,COC1C=C(N)C(Cl)=CC=1C(=O)NC1CCNCC1,False
2633-54-7,COP(=S)(OCC)OC1=CC(Cl)=C(Cl)C=C1Cl,False
2544-52-7,CC1=NN(CSP(=O)(OCC)OCC)C(=O)O1,True
63869-27-2,CCOP(=O)(OCC)C(SP(=O)(OCC)OCC)(P(=O)(OCC)OCC)P(=O)(OCC)OCC,True
62-74-8,OC(=O)CF,True
327-19-5,[O-][N+](=O)C1=CC2NC(=NC=2C=C1)C(F)(F)F,True
64050-57-3,COP(=S)(OC)SCSC1=CC=CC=C1Cl,True
54473-41-5,COP(=O)(NC(=O)CCCCl)SC,True
149-74-6,C[Si](Cl)(Cl)C1C=CC=CC=1,False
39472-31-6,CC(=O)C1(O)CC2C(C(C1)OC1CC(N)C(O)C(C)O1)=C(O)C1=C(C(=O)C3C=CC=C(O)C=3C1=O)C=2O,True
333-29-9,CCOP(=S)(N=C1SCCS1)OCC,True
2355-43-3,FC1=C2N=C(NC2=C(F)C(F)=C1F)C(F)(F)F,True
16006-72-7,CCCCC1=C(OC(=O)C2C=CC=CC=2)N(C2C=CC=CC=2)N(C2C=CC=CC=2)C1=O,False
56368-47-9,O=C(SCC1C=CC=CC=1)N1CCOCC1,True
33160-78-0,CNC(=O)ON=CC1(C)SC(C)C(C)S1,True
13940-94-8,ClC1C=CC(=CC=1)C(Cl)Cl,False
1752-30-3,CC(C)=NNC(N)=S,True
2635-10-1,CC1C=C(C=C(C)C=1S(C)=O)OC(=O)NC,True
6132-17-8,CS(=O)(=O)C1C=CC(=CC=1)OP(=O)(OCC)OCC,True
89427-41-8,NC1=C(Cl)C2N=C(NC=2C(Cl)=C1Cl)C(F)(F)F,True
5827-05-4,CCS(=O)CSP(=S)(OC(C)C)OC(C)C,True
99522-79-9,COC(=O)C1C(C(C(=O)OCC=CC2C=CC=CC=2)=C(C)N=C1C)C1=CC(=CC=C1)[N+]([O-])=O,False
3818-64-2,COC1=CC=C2C(=O)C(C)=C(C)OC2=C1CN1CCOCC1,True
53164-05-9,CC1=C(CC(=O)OCC(O)=O)C2=CC(=CC=C2N1C(=O)C1C=CC(Cl)=CC=1)OC,True
91893-37-7,CNS(=O)(=O)CCNC(=O)N(CCCl)N=O,True
4681-36-1,CCOP(=S)(OCC)SC(C(=O)OCCF)C1C=CC=CC=1,True
89427-36-1,CC1C2N=C(NC=2C(Cl)=C(Cl)C=1Cl)C(F)(F)F,True
118-68-3,CCC(N)CC1=CNC2C=CC=CC=21,True
54546-26-8,CC1CC(C)(C)OC(CCCC)O1,False
36011-19-5,"CC12OC1C1C=CCC(C)C(=O)C(C)(O)C=COC(=O)OC31C(C(CC1C=CC=CC=1)NC3=O)C2C |c:6,16|",True
97-18-7,OC1=C(C=C(Cl)C=C1Cl)SC1=CC(Cl)=CC(Cl)=C1O,True
24017-17-2,CCCOP(=S)(CC)SCN1C(=O)C2C=CC=CC=2C1=O,True
85977-49-7,CN(C)S(=O)(=O)CCNC(=O)N(CCCl)N=O,True
40321-76-4,ClC1C=C2OC3C=C(Cl)C(Cl)=C(Cl)C=3OC2=CC=1Cl,True
71108-05-9,CNC(=O)ON=C1SC(=NC(C)C)SC1(C)C,True
64-00-6,CNC(=O)OC1=CC(=CC=C1)C(C)C,True
25923-97-1,CCOP(=S)(OCC)SCSCC1C=CC=CC=1,True
32889-48-8,CC(C)(C#N)NC1=NC(NC2CC2)=NC(Cl)=N1,False
3184-13-2,NCCCC(N)C(O)=O,False
89427-02-1,COC1=C(Cl)C=CC2NC(=NC=21)C(F)(F)F,True
453-18-9,COC(=O)CF,True
871-22-7,CC(OCCCC)OCCCC,False
334-56-5,CCCCCCCCCCF,True
991-42-4,OC(C1=CC=CC=N1)(C1=CC2C3C(C1C2=C(C1C=CC=CN=1)C1C=CC=CC=1)C(=O)NC3=O)C1C=CC=CC=1,True
3671-18-9,[O-][N+](=O)C1=CC(Cl)=CC2NC(=NC=21)C(F)(F)F,True
3391-83-1,O=C1CCCCCCCCCOCCCCCO1,False
118-74-1,ClC1C(Cl)=C(Cl)C(Cl)=C(Cl)C=1Cl,False
89427-03-2,CC1=C(Cl)C=CC2NC(=NC=21)C(F)(F)F,True
928-53-0,N#CC=CC#N,True
6013-05-4,N#CC(=CC1=CC=C(Cl)C=C1Cl)C(O)=O,True
89426-95-9,FC1C=C(Cl)C=C2NC(=NC=12)C(F)(F)F,True
3393-60-0,FC(F)(F)C1NC2C(N=1)=C(Br)C=C(Br)C=2Br,True
4228-89-1,FC(F)(F)C1NC2C(N=1)=C(Cl)C=CC=2Cl,True
22787-53-7,Cc1cc(cc(=O)[n]1C)OP(=O)(OC)OC,True
105112-76-3,NC1=CC(=CC=C1)OC1(CC=C(C=C1)C1C=CC=CC=1)OC1C=C(N)C=CC=1,False
4228-97-1,FC(F)(F)C1NC2C(N=1)=C(Br)C=CC=2Br,True
16227-10-4,CCCCN1C=NN=C1,True
148-82-3,NC(CC1C=CC(=CC=1)N(CCCl)CCCl)C(O)=O,True
31080-68-9,COC1=NC2=CC(Cl)=CC=C2O1,False
21145-77-7,CC1C=C2C(=CC=1C(C)=O)C(C)(C)CC(C)C2(C)C,False
58579-51-4,OC1=CN2CC3=C(C=CC(Cl)=C3Cl)NC2=N1,False
34708-08-2,CCO[Si](CCCSC#N)(OCC)OCC,False
3820-53-9,COP(=O)(OC)SC1C=CC(=CC=1)[N+]([O-])=O,True
357-57-3,COC1=CC2=C(C=C1OC)C13CCN4CC5=CCOC6CC(=O)N2C1C6C5CC34,True
75147-20-5,CCCCOC(=O)C(Cl)(Cl)C(Cl)=C(Cl)Cl,False
84210-62-8,OC(=O)C1=CC=CC=C1C(=O)N1CCSC1,False
112-05-0,CCCCCCCCC(O)=O,False
3563-52-8,CCP(=S)(OC1C=CC(=CC=1Cl)[N+]([O-])=O)OCC,True
139481-59-7,CCOC1=NC2C=CC=C(C=2N1CC1C=CC(=CC=1)C1=CC=CC=C1C1NN=NN=1)C(O)=O,False
22791-12-4,COP(=O)(N=C1OC(C)CN1CC)SC,True
5782-83-2,S=C1NCCNC(=S)S1,False
25646-77-9,CC1C=C(C=CC=1N)N(CCO)CC,True
97-36-9,CC(=O)CC(=O)NC1=CC=C(C)C=C1C,False
4228-93-7,FC(F)(F)C1NC2=C(Br)C(Cl)=C(Cl)C(Cl)=C2N=1,True
16118-49-3,CCNC(=O)C(C)OC(=O)NC1C=CC=CC=1,False
6085-94-5,C(C1C=CC=CC=1)N1C=NC=N1,False
3247-33-4,CCSC(P(=O)(OCC)OCC)(P(=O)(OCC)OCC)P(=O)(OCC)OCC,True
1005-93-2,CCC12COP(=O)(OC1)OC2,True
63869-22-7,CCSC(SC1C=CC=CC=1)(P(=O)(OCC)OCC)P(=O)(OCC)OCC,True
26419-73-8,CC1CSC(C)(C=NOC(=O)NC)S1,True
84044-17-7,CCP(=O)(OC)SC,True
100-66-3,COC1C=CC=CC=1,False
22232-71-9,OC1(C2=CC=CC=C2C2=NCCN12)C1C=CC(Cl)=CC=1,True
21436-96-4,CC1=CC(C)=C(N)C=C1,False
653-03-2,CN1CCN(CCCN2C3=CC=CC=C3SC3C=CC(=CC2=3)C(=O)CCC)CC1,False
64092-48-4,CC1C=C(CC(O)=O)N(C)C=1C(=O)C1C=CC(Cl)=CC=1,True
37893-02-0,FC(F)(F)N=C1C(=NC(F)(F)F)SC(=NC2C=CC=CC=2)N1C1C=CC=CC=1,False
2338-24-1,[O-][N+](=O)C1=CC2NC(=NC=2C=C1[N+]([O-])=O)C(F)(F)F,True
20537-88-6,NCCCNCCSP(O)(O)=O,False
6587-23-1,FC(F)(F)C1NC2C=CC=C(Br)C=2N=1,True
14814-09-6,CCO[Si](CCCS)(OCC)OCC,False
7009-49-6,OCC1(CC(O)=O)CCCCC1,True
21409-78-9,CC1=CC(=CC(=O)N1C)OP(=S)(OCC)OCC,True
89427-13-4,COC1C=C2NC(=NC2=CC=1OC)C(F)(F)F,True
22042-59-7,CN(C)C(CSC(N)=O)CSC(N)=O,False
54335-73-8,CCNC(=O)ON=C1SCOC1C,True
542-78-9,O=CCC=O,False
121652-76-4,CCCCCCCNC(=O)OC1=CC2=C(C=C1)N(C)C1N(C)CCC21C,True
2425-15-2,CC1C=C(C=CC=1[N+]([O-])=O)OP(=S)(OCC)OCC,True
98519-29-0,CCOCC1COC(CN2C=NC=N2)(O1)C1=CC2=CC=CC=C2O1,False
58994-96-0,COC1OC(CNC(=O)N(CCCl)N=O)C(O)C(O)C1O,True
14663-71-9,[O-][N+](=O)C1C=CC(=CC=1)OP(=O)(OCCCCl)OCCCCl,True
22958-08-3,COC1C=CC2CC3C4CCC(N=[N+]=N)C5OC=1C=2C45CCN3C,False
3221-15-6,ClCC1CS1,True
1103234-56-5,CCCS(=O)(=O)NC1=CC=C(F)C(C(O)=O)=C1F,False
24219-97-4,CN1CCN2C(C1)C1=CC=CC=C1CC1C=CC=CC2=1,False
461432-25-7,CCOC1C=CC(CC2=CC(=CC=C2Cl)C2OC(COC(C)=O)C(OC(C)=O)C(OC(C)=O)C2OC(C)=O)=CC=1,False
32630-50-5,C=CC1=CC=C(C=O)O1,False
7682-38-4,ClC1N=C(Cl)NC=1Cl,True
13654-09-6,BrC1C(C2=C(Br)C(Br)=C(Br)C(Br)=C2Br)=C(Br)C(Br)=C(Br)C=1Br,False
25637-99-4,BrC1CC(Br)CC(Br)CC(Br)CC(Br)CC(Br)C1,False
57846-35-2,CC1=C(CC(=O)C(C(=O)OC)C(=O)OC)C2C=C(C=CC=2N1C(=O)C1C=CC(Cl)=CC=1)OC,False
120-55-8,O=C(OCCOCCOC(=O)C1=CC=CC=C1)C1=CC=CC=C1,False
76-44-8,ClC1(Cl)C2(Cl)C3C=CC(Cl)C3C1(Cl)C(Cl)=C2Cl,True
1324-11-4,O=C1C2=C(C3=CC=C4C5=C3C1=CC=C5C1=CC=CC=C1C4=O)C(Br)=CC=C2Br,False
96753-93-4,COC(=O)NC1NC2=CC(=CC=C2N=1)OC1C=C2NC(NC(=O)OC)=NC2=CC=1,False
15206-55-0,COC(=O)C(=O)C1C=CC=CC=1,False
14192-26-8,COC(=O)C1C=C2NC(=O)CC2=CC=1,False
59204-74-9,CC(C)=CCC(=O)C1C=COC=1,True
352-93-2,CCSCC,False
371-62-0,OCCF,True
89392-03-0,COC1=CC(=NC(NC(=O)OC2C=CC=CC=2)=N1)OC,False
78-31-9,CC1C=CC(=CC=1)OP(=O)(OC1C=CC=CC=1)OC1C=CC=CC=1,False
71-79-4,CN(C)CCOC(=O)C(O)(C1C=CC=CC=1)C1C=CC=CC=1,False
83395-31-7,CC(C)OC(=O)NC1=NC(=CC2=NC(=O)ON21)N1CC=CCC1,False
3393-59-7,FC(F)(F)C1NC2C(N=1)=C(Cl)C=C(Cl)C=2Cl,True
4110-66-1,O=C(NP(=O)(N1CC1)N1CC1)C1C=CC=CC=1,True
93503-00-5,CC1SC(C)(C)SC1=NOC(=O)NC,True
70124-77-5,CC(C)C(C(=O)OC(C#N)C1=CC=CC(=C1)OC1=CC=CC=C1)C1=CC=C(C=C1)OC(F)F,False
93-90-3,CN(CCO)C1C=CC=CC=1,False
59017-64-0,CC(=O)N(C)C1=C(I)C(=C(I)C(=C1I)C(=O)NC)C(=O)NCC(=O)NC1C(I)=C(C(I)=C(C=1I)C(=O)NCCO)C(O)=O,False
1737-17-3,O=C(NC1C=CC=CC=1)NC(=O)CF,True
7786-34-7,CC(=CC(O)OC)OP(O)(OC)OC,True
13290-96-5,COC(=O)C1=CC(=CC(=C1)C(=O)OC)[N+]([O-])=O,False
56105-46-5,CC(C)CC(C)=CCCC(C)(O)C=C,False
89426-93-7,FC1C=C(F)C2N=C(NC=2C=1)C(F)(F)F,True
72963-72-5,CC(C)=CC1C(C(=O)OCN2C(=O)CN(CC#C)C2=O)C1(C)C,False
106-20-7,CCCCC(CNCC(CCCC)CC)CC,False
4246-51-9,NCCCOCCOCCOCCCN,False
140-31-8,NCCN1CCNCC1,False
644-64-4,CC1=CC(=NN1C(=O)N(C)C)OC(=O)N(C)C,True
3644-61-9,CC1C=CC(=CC=1)C(=O)C(C)CN1CCCCC1,False
15876-67-2,C[N+]1C=C(C=CC=1)OC(=O)N(C)CCCCCCN(C)C(=O)OC1C=[N+](C)C=CC=1,True
67329-03-7,CC(SP(=S)(OC)OC)N1CC(=O)C(=O)C1,True
60-24-2,OCCS,False
107-02-8,C=CC=O,True
100-21-0,OC(=O)C1C=CC(=CC=1)C(O)=O,False
19243-95-9,CC(=C)C(=O)NC1C=CC(O)=CC=1,False
89427-29-2,FC1C(Br)=C(Br)C2N=C(NC=2C=1Br)C(F)(F)F,True
139886-03-6,CON=CC1CNCCC=1,True
50673-10-4,CN(SC1C=C(Cl)C(Cl)=CC=1)C(=O)OC1C=CC=C2CC(C)(C)OC=12,True
14734-96-4,CCOP(=O)(OCC)SCSC1C=C(Cl)C=CC=1Cl,True
91893-38-8,CCCN(CCC)S(=O)(=O)CCNC(=O)N(CCCl)N=O,False
938-18-1,CC1C=C(C)C=C(C)C=1C(=O)Cl,False
5957-17-5,CC[N+](CCO)(CC)CC,False
63869-28-3,COP(OC)(OC)=C(SP(=O)(OC)OC)P(=O)(OC)OC,True
157309-18-7,CN(CCN1C=NC2=C1C(=O)N(C)C(=O)N2C)C1CCCCC1,False
5308-25-8,CCN1CCNCC1,False
87344-11-4,CC1C=CC(=CC=1)C(=O)C1=CC=C(CC(=O)NC2C=CC(=CC=2)C(=O)OCC)N1C,False
57653-85-7,ClC1C=C2OC3C(=CC(Cl)=C(Cl)C=3Cl)OC2=C(Cl)C=1Cl,True
13104-29-5,COP(=S)(OCC)SCN1C(=O)C2C=CC=CC=2C1=O,True
4092-75-5,CCCCOC(=S)SC(=S)OCCCC,False
99-86-5,CC1CCC(=CC=1)C(C)C,False
32744-43-7,CSCOC(=O)C(CC(=O)OCSC)SP(=S)(OCC)OCC,True
7305-61-5,CCP(O)(=O)OCC,False
24934-91-6,CCOP(=S)(OCC)SCCl,True
107-66-4,CCCCOP(O)(=O)OCCCC,False
66840-01-5,CCOC1=CC=C(C=C1CN1CCCC1)C1C=CC=CC=1,True
57982-78-2,CC(C)(C)N1CCC(CC1)(C1C=CC=CC=1)C1C=CC=CC=1,False
1491-59-4,CC1C(O)=C(C=C(C)C=1CC1NCCN=1)C(C)(C)C,True
39196-18-4,CC(C)(C)C(CSC)=NOC(=O)NC,True
6988-21-2,CNC(=O)OC1C=CC=CC=1C1OCCO1,True
180793-94-6,IC1C=CC(=CC=1)NC1=NN=C(CCN2C3C=CC=CC=3SC3C=CC=CC2=3)S1,False
20684-06-4,CCN(CCN1C2C(=O)N(C)C(=O)N(C)C=2N=C1CC1C=CC=CC=1)CCO,False
108-90-7,ClC1C=CC=CC=1,False
16587-71-6,CCC(C)(C)C1CCC(=O)CC1,False
88430-50-6,CC(CC#CC)C(O)C=CC1C2C(CC1O)OC1C(CCCC(O)=O)=CC=CC=12,True
30618-84-9,OCC(CO)OC(=O)CS,False
6846-35-1,NC1=NC(=S)SS1,False
56-93-9,C[N+](C)(C)CC1C=CC=CC=1,True
39603-48-0,NC(=S)NNCNNC(N)=S,True
34839-14-0,NCC(O)CCl,True
452-06-2,NC1N=C2N=CNC2=CN=1,False
108-91-8,NC1CCCCC1,True
94-62-2,O=C(C=CC=CC1=CC2OCOC=2C=C1)N1CCCCC1,False
28874-51-3,OC(=O)C1CCC(=O)N1,False
2423-66-7,[O-][N+]1=CC=[N+]([O-])C2C=CC=CC1=2,False
1445-23-4,CC1=CC(=C(O)C=C1C)C(C)(C)C,False
1496-94-2,CCCP(=O)(CCC)CCC,False
6012-87-9,CCOP(=S)(OC1C=CC(=CC=1Cl)[N+]([O-])=O)OCC,True
13067-93-1,CCOP(=S)(OC1C=CC(=CC=1)C#N)C1C=CC=CC=1,True
93738-40-0,CC1C=CC=C(Cl)C=1NC(=O)C=C1SCC(=O)N1C,False
66637-32-9,CNC(=O)ON=C1SCC(=O)NC1C,True
497-56-3,CC1=C(O)C=C(C=C1[N+]([O-])=O)[N+]([O-])=O,True
37172-05-7,CC(CC)C1CCCCC1(C#C)OC(C)=O,False
50585-41-6,BrC1C=C2OC3C=C(Br)C(Br)=CC=3OC2=CC=1Br,True
2275-14-1,CCOP(=S)(OCC)SCSC1C=C(Cl)C=CC=1Cl,True
57729-86-9,[O-][N+](=O)C1C=C(C(NC2C(Br)=CC(Br)=CC=2Br)=C(C=1)[N+]([O-])=O)C(F)(F)F,True
583-91-5,CSCCC(O)C(O)=O,False
83164-33-4,O=C(NC1=CC=C(F)C=C1F)C1C=CC=NC=1OC1=CC(=CC=C1)C(F)(F)F,False
89427-23-6,CC1=C(Cl)C=C2NC(=NC2=C1[N+]([O-])=O)C(F)(F)F,True
538-28-3,[H]/N=C(\N)/SCC1C=CC=CC=1,True
2282-34-0,CCCC(C)C1C=C(C=CC=1)OC(=O)NC,True
2425-06-1,O=C1C2CC=CCC2C(=O)N1SC(Cl)(Cl)C(Cl)Cl,False
301-12-2,CCS(=O)CCSP(=O)(OC)OC,True
56776-01-3,CC(C)(C)NCC(O)C1=CC=CC=C1Cl,False
132-66-1,OC(=O)C1C=CC=CC=1C(=O)NC1=CC=CC2C=CC=CC=21,False
1024-57-3,ClC1(Cl)C2(Cl)C3C4OC4C(Cl)C3C1(Cl)C(Cl)=C2Cl,True
106700-29-2,CC(C)=C(C1C=CC=CC=1)N(CCOCC)C(=O)CCl,False
1830-54-2,COC(=O)CC(=O)CC(=O)OC,False
311-45-5,CCOP(=O)(OC1C=CC(=CC=1)[N+]([O-])=O)OCC,True
690-49-3,COP(=O)(OP(=O)(OC)OC)OC,True
348-57-2,FC1=CC(F)=C(Br)C=C1,False
20395-17-9,CCP(=O)(OCC)SCSCSP(=O)(CC)OCC,True
24201-58-9,CC1(C)OC(=O)N(C2C=C(Cl)C=C(Cl)C=2)C1=O,False
100-35-6,CCN(CCCl)CC,True
51481-61-9,CC1NC=NC=1CSCCN/C(/NC)=N/C#N,False
4785-72-2,CC1=CC=C(OC(=O)NC)C2OC(C)(C)CC1=2,True
2487-01-6,CC(=O)OC1=C(C=C(C(C)=C1[N+]([O-])=O)[N+]([O-])=O)C(C)(C)C,True
13593-03-8,CCOP(=S)(OC1=CN=C2C=CC=CC2=N1)OCC,True
52-86-8,OC1(CCN(CCCC(=O)C2C=CC(F)=CC=2)CC1)C1C=CC(Cl)=CC=1,False
2778-04-3,COC1=COC(CSP(=O)(OC)OC)=CC1=O,True
39227-28-6,ClC1C=C2OC3=C(OC2=CC=1Cl)C(Cl)=C(Cl)C(Cl)=C3Cl,True
21327-31-1,Cc1cc(cc(=O)[n]1CCC)OP(=S)(OCC)OCC,True
300-76-5,COP(=O)(OC(Br)C(Cl)(Cl)Br)OC,False
66232-28-8,CCCCCCCCCCCCCCOC(=O)CC1C=CC(=CC=1)N(CCCl)CCCl,True
35822-46-9,ClC1C=C2OC3=C(OC2=C(Cl)C=1Cl)C(Cl)=C(Cl)C(Cl)=C3Cl,True
1531-97-1,CCC(=O)OC1CCC(CC1)N1CCCCC1,False
637-92-3,CCOC(C)(C)C,False
51632-16-7,BrCC1C=C(C=CC=1)OC1C=CC=CC=1,False
79510-48-8,CC1N=C(N/C(/N=1)=N/C(/O)=N/S(=O)(=O)C1=CC=CC=C1C(O)=O)OC,False
25451-15-4,NC(=O)OCC(COC(N)=O)C1C=CC=CC=1,False
107-12-0,CCC#N,True
7635-51-0,CC1C(OCCN1C)C1C=CC=CC=1,False
50539-73-6,CC1(C)CC2=CC=CC(OC(=O)NCSC3C=CC(Cl)=CC=3)=C2O1,True
28968-09-4,OC(=O)C1CCC2=CC(C3CCCCC3)=C(Cl)C=C21,True
300-62-9,CC(N)CC1C=CC=CC=1,True
55406-53-6,CCCCNC(=O)OCC#CI,False
89427-32-7,FC1C(Cl)=C(Br)C2NC(=NC=2C=1Cl)C(F)(F)F,True
152264-27-2,O=C1C2C=C(C=CC=2N=NN1CC1C=NC=CC=1)OC1C=CC(Cl)=CC=1,False
122-84-9,CC(=O)CC1=CC=C(C=C1)OC,False
107-45-9,CC(C)(C)CC(C)(C)N,False
100678-32-8,C1C(C2NCCN=2)C1(C1C=CC=CC=1)C1C=CC=CC=1,False
96-23-1,OC(CCl)CCl,False
931-97-5,N#CC1(O)CCCCC1,True
1081-95-4,CC1(CSP(=O)(OCC)OCC)SCCS1,True
640-19-7,NC(=O)CF,True
112-34-5,CCCCOCCOCCO,False
3734-92-7,CCOP(=O)(OCC)SCN1C(=O)C2C=CC=CC=2C1=O,True
71-41-0,CCCCCO,False
87130-20-9,CC(C)OC(=O)NC1=CC(OCC)=C(C=C1)OCC,False
69-05-6,COC1=CC2C(NC(C)CCCN(CC)CC)=C3C=CC(Cl)=CC3=NC=2C=C1,False
534-17-8,OC(O)=O,False
29173-31-7,COP(C)(=S)SCC(=O)N(C)C(=O)OC,False
762-04-9,CCOP(O)OCC,False
21140-37-4,CN(C)CC1C=C(C=CC=1O)C1C=CC=CC=1,True
31230-24-7,CC(=O)NC1=CC=C(O1)C(=O)OC,False
4920-79-0,COC1C=CC(=CC=1Cl)[N+]([O-])=O,False
51356-07-1,CC(C)OP(=S)(OC(C)C)SCN1N=CC=CC1=O,True
50370-12-2,CC1CSC2C(NC(=O)C(N)C3C=CC(O)=CC=3)C(=O)N2C=1C(O)=O,False
142-26-7,CC(=O)NCCO,False
5014-11-9,OC(C1=CC2C3C(C1C2=C(C1C=CC=CN=1)C1C=CC=CC=1)C(=O)N(CC1C=CC=CN=1)C3=O)(C1C=CC=CN=1)C1C=CC=CC=1,True
63869-26-1,CCOC(=S)SCSSCP(=O)(OCC)OCC,True
16146-62-6,CC1(C)CCC2C=CC=C(OC(=O)NC)C=2O1,True
14689-56-6,FC(F)(F)C1NC2C(N=1)=C(Cl)C(Br)=C(Cl)C=2Br,True
58995-44-1,COP(=S)(OC)SCN1C(=O)CCC1=O,True
17074-42-9,CCN(CCNC1=C2C(=CC=CC2=NC2C=CC=CC=21)[N+]([O-])=O)CC,True
3032-55-1,CC(CO[N+]([O-])=O)(CO[N+]([O-])=O)CO[N+]([O-])=O,False
532-27-4,O=C(CCl)C1C=CC=CC=1,True
15862-11-0,CC(=O)N(N=O)C1C=CC(=CC=1)OCC,True
64249-01-0,CC(C)N(C(=O)CSP(=S)(OC)OC)C1C=CC(Cl)=CC=1,False
15121-11-6,O=S1OCC(CCl)O1,True
1744-22-5,NC1=NC2C=CC(=CC=2S1)OC(F)(F)F,True
6392-46-7,CC1C=C(C=C(C)C=1N(CC=C)CC=C)OC(=O)NC,False
29216-28-2,C1C(CN2C3C=CC=CC=3SC3=CC=CC=C23)C2CCN1CC2,False
148-97-0,ON(N=O)C1C=CC=CC=1,False
3152-41-8,CCOP(=S)(OCC)SCSC1C=C(Cl)C(Cl)=CC=1,False
1646-87-3,CNC(=O)ON=CC(C)(C)S(C)=O,True
2636-25-1,CC1C=C(C=CC=1SC)OP(C)(C)=S,False
90245-33-3,COP(=O)(CC)SCC,True
68987-29-1,CCCCCCCCCCCCCCCCCCOP(O)(O)=O,False
125055-72-3,CC1=CC=CC2=NC=C(CC(=O)NCCC)C(=O)N12,False
3309-68-0,CCCSCSP(=S)(OCC)OCC,True
90220-16-9,CCP(=O)(OC)SCCC,True
311-47-7,CCOP(=O)(OC=CCl)OCC,True
1165-48-6,CC1C(=O)C2C=CC(OC)=C(CN(C)C)C=2OC=1C1C=CC=CC=1,True
124428-11-1,C(COC1=NC=NC2=CC=CC=C21)C1C=CC(=CC=1)C1C=CC=CC=1,False
66839-98-3,COC1=CC=C(C=C1CN1CCCC1)C1C=CC=CC=1,True
88-85-7,CCC(C)C1=CC(=CC(=C1O)[N+]([O-])=O)[N+]([O-])=O,True
72239-33-9,FC(F)(F)C1=CC(CNC2=NCCS2)=CC=C1,True
89426-96-0,FC1=CC2NC(=NC=2C=C1Cl)C(F)(F)F,True
94-96-2,CCC(CO)C(O)CCC,False
30979-48-7,CC(C)CNC(=O)N1CCNC1=O,False
95-16-9,C1=NC2=CC=CC=C2S1,False
113139-67-6,CC(C)C1=NC(C)=C(C)NC1=O,False
94239-04-0,FC1C=CC=C(N=1)C(F)(F)F,True
99-98-9,CN(C)C1C=CC(N)=CC=1,True
127-59-3,CCCCN(CCCC)S(=O)(=O)C1C=CC(Cl)=CC=1,False
13147-25-6,CCN(CCO)N=O,False
123-15-9,CCCC(C)C=O,False
146764-26-3,CCCCCCCCCCCCCCCCCCOP(O)(=O)OCC[N+]1(C)CCCCC1,False
1225-55-4,CNCCCC1C2C=CC=CC=2C=CC2C=CC=CC=21,False
538-23-8,CCCCCCCC(=O)OC(COC(=O)CCCCCCC)COC(=O)CCCCCCC,False
50700-72-6,CC12CCC3C(CCC4CC(OC(C)=O)C(CC43C)N3CCCCC3)C1CC(C2OC(C)=O)[N+]1(C)CCCCC1,False
21709-44-4,CN(C)C(=O)OC1C=CC=CC=1C1SCCS1,True
125-64-4,CC1CNC(=O)C(CC)(CC)C1=O,False
19719-28-9,OC(=O)CC1C=CC(Cl)=CC=1Cl,False
473-51-8,CS(=O)(=O)N(CCOS(C)(=O)=O)CCOS(C)(=O)=O,False
996-05-4,CP(=S)(SCCC)SCCC,True
123-19-3,CCCC(=O)CCC,False
117-52-2,CC(=O)CC(C1=C(O)C2C=CC=CC=2OC1=O)C1=CC=CO1,True
98532-81-1,CCC1(COC(CN2C=NC=N2)(OC1)C1=CC2=CC=CC=C2O1)CC,False
824-11-3,CCC12COP(OC1)OC2,True
55689-71-9,CC(C(O)=O)C1=CC2OCC3C=C(Cl)C=CC=3C(=O)C=2C=C1,True
102518-79-6,CC1CC2(N)C(=CC)C(CC3NC(=O)C=CC2=3)C=1,True
101-26-8,CN(C)C(=O)OC1C=[N+](C)C=CC=1,True
143-66-8,C1=CC=CC=C1[B-](C1C=CC=CC=1)(C1C=CC=CC=1)C1C=CC=CC=1,False
79983-71-4,CCCCC(O)(CN1C=NC=N1)C1=CC=C(Cl)C=C1Cl,False
96-99-1,[O-][N+](=O)C1=CC(=CC=C1Cl)C(O)=O,False
83-79-4,CC(=C)C1CC2C(=CC=C3C(=O)C4C(COC5C=C(OC)C(=CC=54)OC)OC=23)O1,True
143-33-9,C#N,True
132031-81-3,CCCCCCCCOC(=O)C1C(C(C(=O)NC2CC2)C(C)=NC=1C)C1C=CC=CC=1[N+]([O-])=O,True
3689-24-5,CCOP(=S)(OP(=S)(OCC)OCC)OCC,True
39242-73-4,CC1N=C(SC=1[N+]([O-])=O)C1C=NC=CC=1,False
36088-22-9,ClC1=C2OC3C(=CC=CC=3Cl)OC2=C(Cl)C(Cl)=C1Cl,True
51356-08-2,CC1C=CC(=O)N(CSP(=S)(OC)OC)N=1,True
534-07-6,O=C(CCl)CCl,True
114-86-3,[H]/N=C(\N/C(/N)=N/[H])/NCCC1C=CC=CC=1,False
116-06-3,CNC(=O)ON=CC(C)(C)SC,True
70667-26-4,CC(CC(O)C=CC1C(CC(=O)CCCCC(=O)OC)C(=O)CC1O)CCCC,True
148-69-6,CC1C=C(C=CC=1)N(CCC#N)CC,False
51762-05-1,COC1CSC2C(NC(=O)C(N)C3CC=CCC=3)C(=O)N2C=1C(O)=O,False
3069-29-2,C[Si](CCCNCCN)(OC)OC,False
23261-20-3,OC(C1CO1)C(O)C1CO1,True
4498-32-2,CN(C)CCN1C(=O)C2C=CC=CC=2N(C)C2C=CC=CC1=2,False
15310-01-7,O=C(NC1C=CC=CC=1)C1C=CC=CC=1I,False
1113-02-6,CNC(=O)CSP(=O)(OC)OC,True
54266-79-4,CCC1OCSC1=NOC(=O)NC,True
73218-79-8,NC1=CC(Cl)=C(NC2NCCN=2)C(Cl)=C1,True
89427-11-2,[O-][N+](=O)C1=CC=C(Cl)C2N=C(NC1=2)C(F)(F)F,True
2665-30-7,CP(=S)(OC1C=CC(=CC=1)[N+]([O-])=O)OC1C=CC=CC=1,True
21173-27-3,CC1=CC=C(CCOC(=O)C2C=NC=CC=2)C=C1,False
2285-12-3,O=C=NC1C=CC=CC=1C(F)(F)F,False
5432-28-0,CN(N=O)C1CCCCC1,True
2511-11-7,CCOP(=O)(CC)SCC,True
109-78-4,N#CCCO,False
68259-05-2,CC1=CC(NC(=O)C2=CC3C=CC=CC=3C(N=NC3C=C(C=CC=3C)C(=O)OCCCl)=C2O)=C(C)C=C1NC(=O)C1=CC2C=CC=CC=2C(N=NC2C=C(C=CC=2C)C(=O)OCCCl)=C1O,False
42436-07-7,CCC=CCCOC(=O)CC1C=CC=CC=1,False
76487-48-4,OC(C1CCCCN1)C1=CC(=NC2C(Cl)=CC(Cl)=CC=21)C(F)(F)F,False
456-59-7,CC1CC(C)(C)CC(C1)OC(=O)C(O)C1=CC=CC=C1,False
69784-42-5,CSC(C)(C)C=NOC(=O)N(C)SN(C)CC1C=CC=CC=1,True
30746-58-8,ClC1C2OC3=CC=CC=C3OC=2C(Cl)=C(Cl)C=1Cl,True
115895-09-5,CCOC(=O)C1=CC(Cl)=C(OC(=O)OCCCCCCCCCCCCCCCC)C(Cl)=C1,False
51959-14-9,CC(C)(CC)C1C=C(C=CC=1OCCCCN)C(C)(C)CC,False
115960-14-0,CC1OC(OCC2OC(OC3=CC4OC(=CC(=O)C=4C(=C3)OCCO)C3=CC(O)=C(C=C3)OC)C(O)C(O)C2O)C(O)C(O)C1O,False
109-74-0,CCCC#N,True
103-74-2,OCCC1C=CC=CN=1,False
2511-15-1,CCP(=O)(OCCCC)SCCCC,True
106309-73-3,CC(=O)NC1=CC2=CC=CN=C2C(=N1)N1CCN(CCO)CC1,False
71626-11-4,CC1C=CC=C(C)C=1N(C(C)C(=O)OC)C(=O)CC1C=CC=CC=1,False
4228-88-0,FC(F)(F)C1NC2=CC(Cl)=CC(Cl)=C2N=1,True
86-88-4,NC(=S)NC1=CC=CC2C=CC=CC=21,True
303-47-9,CC1CC2C(C(=O)O1)=C(O)C(=CC=2Cl)C(=O)NC(CC1C=CC=CC=1)C(O)=O,True
64-20-0,C[N+](C)(C)C,True
137-42-8,CNC(S)=S,False
63869-31-8,CCP(=S)(OCC)SCSC1C=CC(Cl)=CC=1,True
23135-22-0,CNC(=O)ON=C(SC)C(=O)N(C)C,True
298-01-1,CC(=CC(=O)OC)OP(=O)(OC)OC,True
3772-48-3,CNC(=O)CSCCSP(=S)(OCC)OCC,True
2497-07-6,CCS(=O)CCSP(=S)(OCC)OCC,True
114-26-1,CNC(=O)OC1=CC=CC=C1OC(C)C,True
21548-32-3,CCOP(=O)(N=C1SCS1)OCC,True
12750-79-7,CC1(O)OC(C2CCC(O2)C2CCC(O2)C2(C)OC3(OC(CC(OC)C3C)CC3OC(O)(C(C)C(OC4CCC(OC)C(C)O4)C3(C)OC)C(C)C(O)=O)C(C)C2OC)C(C)C(OC)C1C,True
74252-25-8,CC1=C(CC(O)=O)C2=CC(=CC=C2N1C(=O)C1C=CC(Cl)=CC=1)OC,True
28743-45-5,CN(C)C1C=CC=C2N=C3C=CC=C(C3=CC=12)[N+]([O-])=O,True
10176-39-3,CC(=O)OC1CC(OC(C)C1OC=O)OC1C(CC(OC1C)OC1C(CC(OC2CC3CCC4C(CCC5(C)C(C(CC54O)OC=O)C4COC(=O)C=4)C3(C)CC2)OC1C)OC=O)OC=O,True
869-29-4,CC(=O)OC(C=C)OC(C)=O,True
14143-09-0,CC1C=C(C=CC=1S(C)(=O)=O)OP(=O)(OCC)OCC,True
155601-30-2,NC1=C(N)C=NN1CCO,False
625-53-6,CCNC(N)=S,False
24280-93-1,COC1=C(CC=C(C)CCC(O)=O)C(O)=C2C(COC2=O)=C1C,False
22781-23-3,CC1(C)OC2C=CC=C(OC(=O)NC)C=2O1,True
5064-31-3,OC(=O)CN(CC(O)=O)CC(O)=O,False
7004-95-7,CC12CCC3C(O)(CC(O)C4=CC(O)CCC43C)C1(O)CCC2c1coc(=O)cc1,True
6609-39-8,[O-][N+](=O)C1=C(Cl)C=CC2NC(=NC=21)C(F)(F)F,True
149-29-1,OC1OCC=C2OC(=O)C=C21,True
55985-32-5,COC(=O)C1C(C(C(=O)OCCN(C)CC2C=CC=CC=2)=C(C)NC=1C)C1C=C(C=CC=1)[N+]([O-])=O,False
42604-12-6,COCOC1CCCCCCCCCCC1,False
64748-15-8,CC1=CC(=CC=C1NC(=O)C(F)(F)Cl)OC(=O)NC,True
90101-16-9,CN1C2C(=O)N(C3=CC=CC=N3)C(=O)OC=2C2=CC=CC=C2S1(=O)=O,False
3475-63-6,CN(C)C(=O)N(C)N=O,False
13884-43-0,CC(=C)C(=O)OCCN(CCOC(=O)C(C)=C)CCOC(=O)C(C)=C,False
51-83-2,C[N+](C)(C)CCOC(N)=O,True
68099-86-5,CC(C)COCC(CN(CC1=CC=CC=C1)C1=CC=CC=C1)N1CCCC1,False
78-97-7,CC(O)C#N,True
50-14-6,CC(C)C(C)C=CC(C)C1CCC2C(CCCC21C)=CC=C1CC(O)CCC1=C,True
55-31-2,CNCC(O)C1=CC(O)=C(O)C=C1,True
103-53-7,O=C(C=CC1C=CC=CC=1)OCCC1C=CC=CC=1,False
42794-76-3,COC1C=CC(=CC=1C(O)CNC(=O)CN)OC,True
89426-90-4,OC1C=C2NC(=NC2=CC=1)C(F)(F)F,True
139-89-9,OCCN(CC(O)=O)CCN(CC(O)=O)CC(O)=O,False
5131-24-8,CCOP(=S)(OCC)N1C(=O)C2C=CC=CC=2C1=O,False
56461-33-7,OC(=O)C1CCC2=C(C=CC=C21)C(=O)C1C=CC=CC=1,True
105-56-6,CCOC(=O)CC#N,False
2034-22-2,BrC1N=C(Br)NC=1Br,True
7365-45-9,OCCN1CCN(CCS(O)(=O)=O)CC1,False
68855-24-3,CCCCCCCCCCCCCCCCCCCCCCC1C=CC=CC=1,False
4312-97-4,OC(=O)C=CCl,False
545-55-1,O=P(N1CC1)(N1CC1)N1CC1,True
298-00-0,COP(=S)(OC1C=CC(=CC=1)[N+]([O-])=O)OC,True
1714-03-0,CC(C)OP(=S)(CCl)SC1C=CC(F)=CC=1,True
113-45-1,COC(=O)C(C1CCCCN1)C1C=CC=CC=1,False
121-75-5,CCOC(=O)C(CC(=O)OCC)SP(=S)(OC)OC,False
50539-80-5,CSN(C)C(=O)OC1C=CC=C2CC(C)(C)OC=12,True
109-46-6,CCCCNC(=S)NCCCC,False
298-04-4,CCSCCSP(=S)(OCC)OCC,True
2497-06-5,CCS(=O)(=O)CCSP(=S)(OCC)OCC,True
72239-35-1,C(NC1=NCCS1)C1CCCCC1,True
84542-20-1,CN(C1C(=CC(=CC=1C(F)(F)F)[N+]([O-])=O)[N+]([O-])=O)C1=CC=C(F)C=C1F,False
3671-61-2,N#CC1=CC2NC(=NC=2C=C1)C(F)(F)F,True
122185-09-5,CO[Si](CCCCCCCCCC[Si](OC)(OC)OC)(OC)OC,False
75-55-8,CC1CN1,True
3862-08-6,CCC1C=CC=CC=1OP(=O)(OC1C=CC=CC=1CC)OC1C=CC=CC=1CC,False
75259-63-1,BrC1C=CC2NC=C(CC3CCNCC3)C=2C=1,True
16339-16-5,CN(CCCl)N=O,True
89427-31-6,CC1C(F)=C(F)C2N=C(NC=2C=1F)C(F)(F)F,True
104-87-0,CC1=CC=C(C=C1)C=O,False
335104-84-2,CS(=O)(=O)C1C=CC(=C(Cl)C=1COCC(F)(F)F)C(=O)C1C(=O)CCCC1=O,False
54660-00-3,O=C1NC(=C2C1=C(NC2=O)C1C=CC=CC=1)C1C=CC=CC=1,False
3806-34-6,CCCCCCCCCCCCCCCCCCOP1OCC2(COP(OC2)OCCCCCCCCCCCCCCCCCC)CO1,False
14689-59-9,FC(F)(F)C1NC2=C(N=1)C(Cl)=C(Br)C(Br)=C2Cl,True
76-02-8,O=C(Cl)C(Cl)(Cl)Cl,False
116337-63-4,O=C(C1=CC2OCC(=O)NC=2C=C1)C1C=CC(Cl)=CC=1,False
41294-56-8,CC(C)CCCC(C)C1CCC2C(CCCC21C)=CC=C1CC(O)CC(O)C1=C,True
99294-94-7,[H]/N=C(\N)/NCCCC(NC(=O)C(CCC(O)=O)NC(=O)C(CCSC)NC(=O)C(CO)NC(=O)C(CC(N)=O)NC(=O)C(CC(C)C)NC(=O)C(CC1=CN=CN1)NC(=O)C(CCCCN)NC(=O)CNC(=O)C(CC(C)C)NC(=O)C(CC(N)=O)NC(=O)C(CC1=CN=CN1)NC(=O)C(CCSC)NC(=O)C(CC(C)C)NC(=O)C(CCC(N)=O)NC(=O)C(NC(=O)C(CCC(O)=O)NC(=O)C(CO)NC(=O)C(NC(=O)C(N)CO)C(C)C)C(C)CC)C(=O)NC(C(C)C)C(=O)NC(CCC(O)=O)C(=O)NC(CC1=CNC2=CC=CC=C12)C(=O)NC(CC(C)C)C(=O)NC(CCCN/C(/N)=N/[H])C(=O)NC(CCCCN)C(=O)NC(CCCCN)C(=O)NC(CC(C)C)C(=O)NC(CCC(N)=O)C(=O)NC(CC(O)=O)C(=O)NC(C(C)C)C(=O)NC(CC1=CN=CN1)C(=O)NC(CC(N)=O)C(=O)NC(CC1C=CC=CC=1)C(O)=O,True
54-85-3,NNC(=O)C1C=CN=CC=1,False
154619-56-4,CN1CCC2(C)C1N(C)C1=CC=C(C=C21)OC(=O)NCCCCCCCCN1CCOCC1,True
1399-80-0,CC1=CC=C(CCCCCCCCCCCC)C=C1C[N+](C)(C)C,False
74782-23-3,C#CC(=NOCC1OCCO1)C1C=CC=CC=1,False
195252-40-5,O=CN(C1CC1)C1=NC=NC2=C1N=CN2CC1CC1,False
2601-89-0,N#CC(Cl)CCl,True
3356-57-8,COP(=S)(OC1C=CC(=CC=1)SSC1C=CC(=CC=1)OP(=S)(OC)OC)OC,True
13613-99-5,COC(=O)NC1C=CC(=CC=1C(C)C)OC(=O)NC,True
591-87-7,CC(=O)OCC=C,False
57052-04-7,CSC1=NN=C(C(=O)N1N=CC(C)C)C(C)(C)C,False
5437-98-9,CC(=O)CC(=O)NC1C=CC(=CC=1)OC,False
2338-25-2,FC(F)(F)C1NC2C=C(Cl)C(Cl)=CC=2N=1,True
106293-84-9,CN=C(O)ON=C1SC(C)OC1C,True
103-28-6,CC(C)C(=O)OCC1C=CC=CC=1,False
84597-71-7,CNS(=O)(=O)C1=CC=CC=C1C1=NN=C(N)S1,False
64532-95-2,CC(C)C1=CC=CC=C1OP(=O)(OC1=CC=CC=C1C(C)C)OC1=CC=CC=C1C(C)C,False
98319-26-7,CC(C)(C)NC(=O)C1CCC2C3CCC4NC(=O)C=CC4(C)C3CCC21C,False
999-34-8,CP(SCCC)SCCC,True
1850-15-3,O=C(SC(=O)C1C=CC=CC=1)C1C=CC=CC=1,False
115-17-3,O=CC(Br)(Br)Br,False
457-43-2,O=C(CF)NC1=CC=CC=N1,True
2578-45-2,[O-][N+](=O)C1C=NC(Cl)=C(C=1)[N+]([O-])=O,True
64050-52-8,CCOP(=O)(OCN1C2=CC=C(Cl)C=C2OC1=O)OCC,True
535-89-7,CC1=CC(=NC(Cl)=N1)N(C)C,True
81250-14-8,CC1NC2=C(N=1)N(CCCC)C(=O)N(CC=C)C2=O,True
54903-63-8,CN1C2C=CC(=CC=2OC1=O)C(=O)C1C=CC=CC=1,False
78218-49-2,OC(=O)CC1=C(C(=NN1C1C=CC=CC=1)C1C=CC=CC=1)C1C=CC=CC=1,True
124-04-9,OC(=O)CCCCC(O)=O,False
7173-51-5,C[N+](C)(CCCCCCCCCC)CCCCCCCCCC,False
199119-58-9,COC1=CC(=NC(NC(=O)NS(=O)(=O)C2N=CC=CC=2OCC(F)(F)F)=N1)OC,False
5216-25-1,ClC1C=CC(=CC=1)C(Cl)(Cl)Cl,False
3268-87-9,ClC1C2OC3=C(OC=2C(Cl)=C(Cl)C=1Cl)C(Cl)=C(Cl)C(Cl)=C3Cl,True
6504-77-4,COCCNC1N=C2N=C(N=C(N)C2=NC=1C(=O)NCCOC)C1C=CC=CC=1,False
28968-07-2,OC(=O)C1CCC2=CC(C3CCCCC3)=C(Cl)C=C21,True
19974-69-7,CN1CCCCC1C(C1=CC(O)=CC=C1)C1C=CC=CC=1,True
2602-34-8,CCO[Si](CCCOCC1CO1)(OCC)OCC,False
35967-28-3,COC(=O)C1C=CC=CC=1N=NN(C)C,True
670-54-2,N#CC(C#N)=C(C#N)C#N,True
107551-67-7,CC(C)(C)C1=CC(CCC(O)=O)=CC=C1O,False
5344-82-1,NC(=S)NC1C=CC=CC=1Cl,True
6389-81-7,CCSP(=O)(OC)OC,True
2013-58-3,CN(C)C1C2C(O)C3C(=C)C4=C(C(=O)C3=C(O)C2(O)C(=O)C(C(N)=O)=C1O)C(O)=CC=C4Cl,False
762-70-9,O=S(=O)(F)CCCl,True
959-14-8,CCN(CCC1=NC(=NO1)C1C=CC=CC=1)CC,False
82159-09-9,CC(=CC1C=CC=CC=1)C=C1SC(=S)N(CC(O)=O)C1=O,True
145-39-1,CC1C(=C(C(=C(C)C=1C)[N+]([O-])=O)C(C)(C)C)[N+]([O-])=O,False
79-41-4,CC(=C)C(O)=O,False
66637-25-0,CNC(=O)ON=C1SCC(=O)NC1(C)C,True
87-86-5,OC1C(Cl)=C(Cl)C(Cl)=C(Cl)C=1Cl,True
58-90-2,OC1C(Cl)=CC(Cl)=C(Cl)C=1Cl,False
592-31-4,CCCCNC(N)=O,False
53-43-0,CC12CCC3C(CC=C4CC(O)CCC43C)C1CCC2=O,False
79-11-8,OC(=O)CCl,False
24441-57-4,CC(C)OP(=S)(CCl)SC1C=CC(Br)=CC=1,True
17702-57-7,CC1=CC(=CC=C1N=CN(C)C)OC(=O)NC,True
869-24-9,CCN(CCCl)CC,True
80-33-1,O=S(=O)(OC1C=CC(Cl)=CC=1)C1C=CC(Cl)=CC=1,False
4301-50-2,O=C(CC1C=CC(=CC=1)C1C=CC=CC=1)OCCF,True
74089-28-4,NC1=CC=CC=C1SCC1N=CON=1,False
4083-64-1,CC1=CC=C(C=C1)S(=O)(=O)N=C=O,False
89427-48-5,CCC(=O)NC1C=C2NC(=NC2=CC=1)C(F)(F)F,True
3566-00-5,CC1=CC(=CC=C1SC)OC(=O)NC,True
77-77-0,C=CS(=O)(=O)C=C,True
79-19-6,NNC(N)=S,True
1016-46-2,CN(C)C(=O)OC1=CC=CC2SC=CC=21,True
106358-92-3,CC1(C)OCCSC1=NOC(=O)NC,True
16568-66-4,NC(=O)N1CCC(CC1)C1C=CC=CC=1,False
39794-99-5,C[N+]1C=CC(=CC=1)C1C=CC=CC=1,True
523-86-4,CC1CC(C)(O)CC(C(O)CC2CC(=O)NC(=O)C2)C1=O,True
145-73-3,OC(=O)C1C(C2CCC1O2)C(O)=O,True
115-29-7,O=S1OCC2C(CO1)C1(Cl)C(Cl)=C(Cl)C2(Cl)C1(Cl)Cl,True
21787-80-4,CC1C=C(Cl)C=CC=1N/C=N/C,False
2701-86-2,CCOP(=O)(OC(=CCl)C1=CC(Cl)=CC=C1Cl)OCC,True
28217-97-2,CC1=CC(Cl)=CC=C1NC(=S)N(C)C,False
544-25-2,C1C=CC=CC=C1,False
2752-81-0,CNC(=O)OC1C=C(C=CC=1Cl)C(C)C,True
64037-00-9,CC[S+](C)CCSP(=O)(OC)OC,True
60270-84-0,CCC1=CC(C(O)=O)=C(C=C1)C(=O)C1C=CC=CC=1,False
14698-29-4,CCN1C=C(C(=O)C2C=C3OCOC3=CC1=2)C(O)=O,False
1824-58-4,CCC1NS(=O)(=O)C2C=C(C(Cl)=CC=2N1)S(N)(=O)=O,False
72956-09-3,COC1C=CC=CC=1OCCNCC(O)COC1=CC=CC2NC3C=CC=CC=3C=21,False
2937-50-0,C=CCOC(=O)Cl,False
53615-22-8,FC(F)(F)C1NC2=CC(Cl)=C(Cl)C(Br)=C2N=1,True
89427-28-1,FC1C(Br)=C(F)C2N=C(NC=2C=1Br)C(F)(F)F,True
54593-83-8,CCOP(=S)(OC(Cl)C(Cl)(Cl)Cl)OCC,True
399-69-9,FC(F)(F)C1NC2C=C(C=CC=2N=1)C(F)(F)F,True
29804-22-6,CC(C)CCCCC1OC1CCCCCCCCCC,False
80-35-3,COC1C=CC(NS(=O)(=O)C2C=CC(N)=CC=2)=NN=1,False
950-35-6,COP(=O)(OC1C=CC(=CC=1)[N+]([O-])=O)OC,True
24017-18-3,CC(C)COP(C)(=S)SCN1C(=O)C2C=CC=CC=2C1=O,True
594-42-3,ClSC(Cl)(Cl)Cl,False
57852-57-0,CC(=O)C1(O)CC2C(C(C1)OC1CC(N)C(O)C(C)O1)=C(O)C1=C(C(=O)C3=CC=CC=C3C1=O)C=2O,True
16231-76-8,CCOP(=S)(OCC)SCC(=O)N(CCC#N)C1C=CC=CC=1,True
60244-63-5,COC1=C(C=NN(C)C1=O)OP(=O)(OCCC)OCCC,True
543-39-5,CC(C)(O)CCCC(=C)C=C,True
54708-68-8,CNC(=O)C1C=C(OC)N(N=1)C1C=C(Cl)C=CC=1,False
74859-42-0,CN1C2C=CC(NC(=O)N3CCOCC3)=C(Cl)C=2C(=NCC1=O)C1=CC=CC=C1F,False
33267-37-7,COP(=O)(CC)OC1C=CC(=CC=1)S(C)(=O)=O,True
22439-39-0,COP(=S)(OC)SCN1N=C(Cl)C=CC1=O,True
63-68-3,CSCCC(N)C(O)=O,False
61361-59-9,CCOC1=CC=C(C=C1CNCCBr)[N+]([O-])=O,True
288-88-0,C1=NNC=N1,False
89427-26-9,FC1C2N=C(NC=2C(Cl)=C(Cl)C=1Cl)C(F)(F)F,True
84529-63-5,CN(C1C(=CC(=CC=1[N+]([O-])=O)[N+]([O-])=O)C(F)(F)F)C1C=CC(Cl)=CC=1Cl,True
35691-25-9,CP(=O)(OC1C=CC(=CC=1)[N+]([O-])=O)C1C=CC=CC=1,True
309-00-2,ClC1(Cl)C2(Cl)C3C4CC(C=C4)C3C1(Cl)C(Cl)=C2Cl,True
111223-26-8,NCCCCC(OP(O)(=O)CCCCC1C=CC=CC=1)C(=O)N1CCCC1C(O)=O,False
59937-28-9,CC(C)OC(=O)C(=C1SC=CS1)C(=O)OC(C)C,False
89457-11-4,FC1=CC2NC(=NC=2C(Br)=C1Cl)C(F)(F)F,True
66346-01-8,CC(C)(C)C(=O)CCC1C=CC(Cl)=CC=1,False
1097-57-0,CCOC(=O)N1C(=O)NC(C2C=CC=CC=2)(C2C=CC=CC=2)C1=O,False
101-84-8,C1=CC=CC=C1OC1C=CC=CC=1,False
10312-20-6,CCOP(=S)(OCC)SC(CBr)N1C(=O)C2C=CC=CC=2C1=O,True
21725-69-9,O=C1NOC2C=CC=CC=21,False
126-75-0,CCSCCSP(=O)(OCC)OCC,True
51356-12-8,CCC1C=CC(=O)N(CSP(=S)(OC)OC)N=1,True
3322-93-8,BrCC(Br)C1CC(Br)C(Br)CC1,False
542-76-7,N#CCCCl,True
624-76-0,OCCI,True
89427-38-3,CC1=C(Cl)C(Br)=C(Br)C2NC(=NC=21)C(F)(F)F,True
76-06-2,[O-][N+](=O)C(Cl)(Cl)Cl,True
20830-75-5,CC12CCC(CC1CCC1C2CC(O)C2(C)C(CCC21O)C1COC(=O)C=1)OC1CC(O)C(OC2CC(O)C(OC3CC(O)C(O)C(C)O3)C(C)O2)C(C)O1,True
76579-52-7,COC1C=CC(CC(=S)N(C)C)=CC=1,True
107-19-7,C#CCO,True
64011-70-7,NC(=S)C1CC=CCC1,True
70907-61-8,C(COC1C=CC=CC=1C1CCCCC1)C1NCCN=1,True
298-02-2,CCSCSP(=S)(OCC)OCC,True
2338-31-0,FC(F)(F)C1NC2=CC=CC(Cl)=C2N=1,True
13589-15-6,COC(=O)N(CCCl)N=O,True
22243-91-0,COP(C)(=S)SCN1C(=O)C2C=CC=CC=2C1=O,True
21738-42-1,CC(C)NCC1CCC2=CC(CO)=C(C=C2N1)[N+]([O-])=O,True
21312-10-7,CC(=O)NC1=CC=C(C=C1)S(=O)(=O)NC1C=C(C)ON=1,False
86960-46-5,CCCCCCCCCC(=O)OC1C=CC(=CC=1)C(O)=O,False
123252-97-1,CC(C)=CCOC1=C(C(=O)NC2C=CC=CN=2)N(C)S(=O)(=O)C2C=C(Cl)SC=21,True
128606-48-4,CC(=CC(=O)OC)OP(=S)(OCC)OCC,True
302-95-4,CC(CCC(O)=O)C1CCC2C3CCC4CC(O)CCC4(C)C3CC(O)C21C,False
626-17-5,N#CC1C=C(C=CC=1)C#N,False
29329-71-3,CC(O)(P(O)(O)=O)P(O)(O)=O,False
356-12-7,CC1(C)OC2(C(CC3C4CC(F)C5=CC(=O)C=CC5(C)C4(F)C(O)CC23C)O1)C(=O)COC(C)=O,True
91893-26-4,CN(C)S(=O)(=O)CCNC(=O)NCCCl,True
119-38-0,CN(C)C(=O)OC1=CC(C)=NN1C(C)C,True
298-57-7,C(C=CC1C=CC=CC=1)N1CCN(CC1)C(C1C=CC=CC=1)C1C=CC=CC=1,False
82-66-6,O=C(C1C(=O)C2=CC=CC=C2C1=O)C(C1C=CC=CC=1)C1C=CC=CC=1,True
371-44-8,CC(C)CNC(=O)CF,True
10140-93-9,CCC1COP(=O)(Cl)OC1CCC,True
2338-30-9,FC(F)(F)C1NC2C(N=1)=C(Br)C(Br)=C(Br)C=2Br,True
7450-69-3,NP(N)(=O)OC1C=CC=CC=1,False
59866-24-9,OC(=O)C(=O)CC(O)=O,False
64047-34-3,OC(=O)C(C1C=CC(Cl)=CC=1)C1C=CC(Cl)=CC=1,False
2667-52-9,CC(C)SCSP(=S)(OC(C)C)OC(C)C,True
19794-93-5,O=C1N2C=CC=CC2=NN1CCCN1CCN(CC1)C1C=C(Cl)C=CC=1,False
89426-91-5,NS(=O)(=O)C1C=C2NC(=NC2=CC=1)C(F)(F)F,True
50-49-7,CN(C)CCCN1C2C=CC=CC=2CCC2C=CC=CC1=2,False
105-46-4,CCC(C)OC(C)=O,False
504-24-5,NC1C=CN=CC=1,True
21259-20-1,CC12C(OC(C)=O)C(O)C(OC3C=C(C)C(CC13COC(C)=O)OC(=O)CC(C)C)C12CO1,True
6138-79-0,CC1=CC=C(C=C1)C(=CCN1CCCC1)C1=CC=CC=N1,False
60828-78-6,CC(CC(C)C)CC(CC(C)C)OCCO,False
550-28-7,CN1C(=O)N(CC(C)=C)C(N)=CC1=O,False
18225-94-0,FC1C(Cl)=C2NC(=NC2=C(Cl)C=1Cl)C(F)(F)F,True
999-97-3,C[Si](C)(C)N[Si](C)(C)C,False
1224-63-1,CCOP(=S)(OC(=CCl)C1C=CC(Cl)=CC=1Cl)OCC,True
6483-15-4,O=C1C=CCC2C3CCCN4CCCC(CN12)C43,False
4413-13-2,CCOCCOCCCC,False
520-09-2,CC1NC(=O)NC(=O)C=1N(CCCl)CCCl,True
88-29-9,CC(=O)C1=CC2=C(C=C1CC)C(C)(C)CCC2(C)C,False
59375-66-5,CC1SCSC1=NOC(=O)NC,True
553-26-4,C1=CN=CC=C1C1C=CN=CC=1,False
26750-50-5,C=CS(=O)(=O)COCS(=O)(=O)C=C,True
152-62-5,CC(=O)C1CCC2C3C=CC4=CC(=O)CCC4(C)C3CCC21C,False
62303-19-9,O=C(N=NC1SCCS1)C1C=CC=CC=1,False
89427-40-7,CC1C(Cl)=C(C2N=C(NC=2C=1[N+]([O-])=O)C(F)(F)F)[N+]([O-])=O,False
62421-46-9,CCP(=O)(OCC)SC1C=CC(Cl)=CC=1,True
15911-15-6,CC1=NN(C(=O)C2=NOC(C)=C12)C1C=CC=CC=1,False
631-61-8,CC(O)=O,False
1695-77-8,CC1CC(=O)C2(O)OC3C(OC2O1)C(O)C(NC)C(O)C3NC,False
51376-77-3,CCOP(=O)(OCC)SCN1N=CC=CC1=O,True
51580-86-0,OC1=NC(=O)N(Cl)C(=O)N1Cl,False
101670-74-0,C[N+]1(CCCl)CCCO1,True
88881-65-6,CC1C=C(C=CC=1)N(CC(=O)OCC(F)(F)F)CC,False
18278-44-9,CNC(=O)CSP(C)(=S)OC,True
10329-96-1,O=C1CC(CC(=O)N1CN1CCOCC1)N1C(=O)C2C=CC=CC=2C1=O,False
75-15-0,S=C=S,False
55391-34-9,CNC(=O)ON=C1CSCCS1,True
89427-10-1,CC1=CC=C2NC(=NC2=C1[N+]([O-])=O)C(F)(F)F,True
318-98-9,CC(C)NCC(O)COC1=CC=CC2C=CC=CC1=2,False
84-83-3,CN1C(=CC=O)C(C)(C)C2=CC=CC=C12,False
68104-02-9,CC1C=C(C(=CC=1N)OC)N(C)C,True
50-07-7,CC1C(=O)C2=C(C(COC(N)=O)C3(OC)C4NC4CN32)C(=O)C=1N,True
56538-00-2,[O-][N+](=O)C1C=C(CNCCCl)C(O)=CC=1,True
918504-27-5,CCCS(=O)(=O)NC1C=CC(F)=C(C(=O)C2=CNC3N=CC(Br)=CC2=3)C=1F,False
2160-93-2,CC(C)(C)N(CCO)CCO,False
4312-93-0,CCCCCC(=O)NO,False
89427-33-8,FC1C(Br)=C(Cl)C2N=C(NC=2C=1Br)C(F)(F)F,True
55-86-7,CN(CCCl)CCCl,True
21923-23-9,CSC1C=C(Cl)C(=CC=1Cl)OP(=S)(OCC)OCC,True
1836-77-7,[O-][N+](=O)C1C=CC(=CC=1)OC1C(Cl)=CC(Cl)=CC=1Cl,False
83373-31-3,CC(C)(C)C1=CC=C(C=C1)OC(=O)C1CCC(CN=C(N)N)CC1,True
62476-59-9,[O-][N+](=O)C1C=CC(=CC=1C(O)=O)OC1C=CC(=CC=1Cl)C(F)(F)F,False
129-00-0,C1=CC2=CC=CC3=CC=C4C=CC=C1C4=C32,False
20562-02-1,CC1CN2C(CC1)C(C)C1C2CC2C3CC=C4CC(CCC4(C)C3CCC21C)OC1OC(CO)C(O)C(OC2OC(CO)C(O)C(O)C2O)C1OC1OC(C)C(O)C(O)C1O,False
60244-66-8,COC1=C(C=NN(C)C1=O)OP(=O)(OC(C)C)OC(C)C,True
2173-56-0,CCCCCOC(=O)CCCC,False
64036-99-3,C[S+](CCSP(=O)(OCC)OCC)CC,True
33820-53-0,CC(C)C1=CC(=C(C(=C1)[N+]([O-])=O)N(CCC)CCC)[N+]([O-])=O,False
5675-57-0,CC(=CC(=O)OCC)OP(=O)(OCC)OCC,True
101526-62-9,CS(=O)(=O)NC1C=CC(=CC=1)C(=O)NCCN(CC)CC,False
521-11-9,CC12CCC3C(CCC4CC(=O)CCC43C)C1CCC2(C)O,False
94-91-7,CC(CN=CC1C=CC=CC=1O)N=CC1C=CC=CC=1O,False
86695-30-9,CCCCOP(O)(=O)OCCCC,False
20417-82-7,CC1(CCCC1=NOC(=O)NC)C#N,True
60244-69-1,COC1=C(C=NNC1=O)OP(=O)(OCC(C)C)OCC(C)C,True
90035-08-8,OC1=C(C2CC(CC3=CC=CC=C32)C2C=CC(=CC=2)OCC2C=CC(=CC=2)C(F)(F)F)C(=O)OC2=CC=CC=C21,True
42959-18-2,C[Si]1(C)OCCN(CCO)CCO1,False
15503-86-3,CC1CC(=CC)C(=O)OC2CC[N+]3([O-])CC=C(COC(=O)C1(O)CO)C32,True
346-18-9,CN1C(CSCC(F)(F)F)NC2C=C(Cl)C(=CC=2S1(=O)=O)S(N)(=O)=O,True
5118-29-6,CN(C)CCC=C1C2C=CC=CC=2C(C)(C)C2C=CC=CC=21,False
3218-36-8,O=CC1C=CC(=CC=1)C1C=CC=CC=1,False
123253-03-2,CN1C2=C(OC(=COCCOC)N(C3C=CC=CN=3)C2=O)C2SC(Cl)=CC=2S1(=O)=O,True
107-20-0,O=CCCl,True
101670-73-9,ClCC[N+]1(CCCl)CCCO1,True
89-39-4,COC1C=CC(=CC=1[N+]([O-])=O)OC,False
106231-36-1,CN=C(O)ON=C1SCOC1(C)C,True
22494-27-5,CC(=O)OC1C=CC(=CC=1C(O)=O)C1C=CC(F)=CC=1,False
39215-09-3,FC(F)(F)C1NC2=CC(Cl)=C(Br)C=C2N=1,True
15667-63-7,CC(=O)OC(C=C)C#N,True
94-78-0,NC1N=C(N)C=CC=1N=NC1C=CC=CC=1,False
507-59-5,CC(=O)OC1CC2(O)C(CCC3(C)C(CCC32O)c2coc(=O)cc2)C2(C)CCC(O)C=C21,True
54-36-4,CC(C)(C(=O)C1=CN=CC=C1)C1=CN=CC=C1,False
838-95-9,CN(C)C1C=CC(C=CC2C=CC=CC=2)=CC=1,True
27199-40-2,ClC1=CC=CC=C1C1=NC(=NO1)C1C=CN=CC=1,False
57-97-6,CC1=C2C=CC3C=CC=CC=3C2=C(C)C2C=CC=CC1=2,False
4856-87-5,O=C1C=CC(=O)N1CCCCCCN1C(=O)C=CC1=O,False
19780-11-1,CCCCCCCCCC=CCC1CC(=O)OC1=O,False
1798-50-1,OC(C1CCNCC1)(C1C=CC=CC=1)C1C=CC=CC=1,False
70321-86-7,CC(C)(C1C=C(C(O)=C(C=1)N1N=C2C=CC=CC2=N1)C(C)(C)C1C=CC=CC=1)C1C=CC=CC=1,False
51356-11-7,CC1C=CC(=O)N(CSP(=O)(OCC)OCC)N=1,True
2439-35-2,CN(C)CCOC(=O)C=C,False
17013-35-3,CC=CC(C)C1(CC)C(=O)NC(=O)NC1=O,True
13230-99-4,O=C1NC2NC(=O)NC=2C=N1,False
901-82-6,CC1C(=O)OC2CCN3CC=C(COC(=O)C(C)(O)C1(C)O)C32,True
13171-21-6,CC(OP(=O)(OC)OC)=C(Cl)C(=O)N(CC)CC,True
5421-46-5,OC(=O)CS,True
513-77-9,OC(O)=O,False
1716-09-2,CC1=CC(=CC=C1SC)OP(=S)(OCC)OCC,True
55134-13-9,CC1(CCC2(O1)OC1(C=CC2O)OC(C(CC)C(=O)C(C)C(O)C(C)C2OC(C(CC)C(O)=O)C(C)CC2C)C(C)CC1C)C1CCC(O)(CC)C(C)O1,True
1719-58-0,C[Si](C)(Cl)C=C,False
9046-10-0,CC(COCCCN)COCCN,False
90729-43-4,CC(C)(C)C1C=CC(=CC=1)C(=O)CCCN1CCC(CC1)OC(C1C=CC=CC=1)C1C=CC=CC=1,False
15622-65-8,CC1NC2CCC(CN3CCOCC3)C(=O)C=2C=1CC,False
24017-24-1,CCP(=S)(OCC)SCN1C(=O)C2C=CC=CC=2C1=O,True
102410-40-2,CN(C)CC(=O)NN=CC1=C(Cl)N=C2SCCN21,False
13194-48-4,CCOP(=O)(SCCC)SCCC,True
6923-22-4,CC(=CC(=O)NC)OP(=O)(OC)OC,True
2185-86-6,CCNC1=CC=C(C(C2C=CC(=CC=2)N(C)C)=C2C=CC(C=C2)=[N+](C)C)C2C=CC=CC=21,False
162881-26-7,CC1=CC(C)=C(C(=O)P(=O)(C2C=CC=CC=2)C(=O)C2C(C)=CC(C)=CC=2C)C(C)=C1,False
51356-18-4,COP(=S)(OC)SCN1N=C(Br)C=CC1=O,True
2496-91-5,CCS(=O)(=O)CCSP(=O)(OCC)OCC,True
80-54-6,CC(CC1=CC=C(C=C1)C(C)(C)C)C=O,False
752-56-7,CC1=CC2=C(C=C1C)N=C1C(=NC(=O)NC1=O)N2CC(OC(=O)CCC)C(OC(=O)CCC)C(COC(=O)CCC)OC(=O)CCC,False
2312-76-7,CC1=CC(=CC(=C1O)[N+]([O-])=O)[N+]([O-])=O,True
100-28-7,[O-][N+](=O)C1C=CC(=CC=1)N=C=O,False
532-82-1,NC1C=C(N)C(=CC=1)N=NC1C=CC=CC=1,False
6903-79-3,[H]/N=C(\N)/N(C)CCOP(O)(O)=O,False
75274-25-8,CCOC(=O)C(=O)NC1C=C(N=CN=1)SCCC(=O)OCC,False
1897-45-6,N#CC1C(Cl)=C(Cl)C(Cl)=C(C#N)C=1Cl,False
633-65-8,COC1C2C=[N+]3CCC4C=C5OCOC5=CC=4C3=CC=2C=CC=1OC,False
125055-59-6,CC1=CC=CC2=NC=C(C(=O)N12)C(=O)NCCCCCCCC,False
43201-95-2,CCCCCCCC(=O)OCCC(C)O,True
58890-25-8,O=C(NC1C=CC(CC2C=CC(=CC=2)NC(=O)NC2CCCCC2)=CC=1)NC1CCCCC1,False
14489-75-9,CNCC1=CC=CC2C=CC=CC=21,True
35944-73-1,O=S(=O)(F)C1CC(CC1)S(=O)(=O)F,True
99283-01-9,COC1=CC(=NC(NC(=O)NS(=O)(=O)CC2=CC=CC=C2C(O)=O)=N1)OC,False
46817-91-8,CCOC1C=CC=CC=1OCC1CNCCO1,False
110-19-0,CC(C)COC(C)=O,False
944-21-8,CCP(=O)(OCC)SC1C=CC=CC=1,True
2432-74-8,NCCCCCC#N,False
53-86-1,CC1=C(CC(O)=O)C2C=C(C=CC=2N1C(=O)C1C=CC(Cl)=CC=1)OC,True
20308-43-4,CCCCCNC(=O)C1C=CC=CC=1,False
13738-63-1,[O-][N+](=O)C1C=CC(=CC=1)OC1=C(F)C=C(Cl)C=C1Cl,False
120068-37-3,NC1=C(C(C#N)=NN1C1C(Cl)=CC(=CC=1Cl)C(F)(F)F)S(=O)C(F)(F)F,False
1985-12-2,S=C=NC1C=CC(Br)=CC=1,False
130693-82-2,CC1CC(NCC)C2C=C(SC=2S1(=O)=O)S(N)(=O)=O,False
1885-98-9,CCOP(=O)(OCC)SC(Cl)C(Cl)Cl,True
123-86-4,CCCCOC(C)=O,False
35256-85-0,CC(C)N(CC1C=CC=CC=1)C(=O)C(C)(C)C,False
107-16-4,N#CCO,True
59-47-2,CC1=CC=CC=C1OCC(O)CO,False
302-17-0,OC(O)C(Cl)(Cl)Cl,False
3214-64-0,CC1=NC2C=CC=CC=2C(=O)N1C1=NC=CC=C1C,False
5266-08-0,O=P(OC=C(Cl)Cl)(OCCCl)OCCCl,True
96-24-2,OCC(O)CCl,True
1009-93-4,C[Si]1(C)N[Si](C)(C)N[Si](C)(C)N1,False
63580-68-7,CN(C)C(=S)SCSP(=S)(OCC)OCC,False
16655-82-6,CC1(C)OC2C(=CC=CC=2C1O)OC(=O)NC,True
14144-91-3,CC1C=CC(=CC=1N(C)C)OC(=O)NC,True
656-49-5,FC(F)(F)C1NC2=CC(Cl)=CC=C2N=1,True
79538-32-2,CC1(C)C(C=C(Cl)C(F)(F)F)C1C(=O)OCC1C(F)=C(F)C(C)=C(F)C=1F,True
28434-01-7,CC(C)=CC1C(C(=O)OCC2C=C(CC3C=CC=CC=3)OC=2)C1(C)C,False
18722-80-0,COP(=S)(OC)SCSC1C=CC=CC=1,True
11034-31-4,CC1(C(C2CCC1O2)C(O)=O)C(O)=O,True
4008-48-4,[O-][N+](=O)C1=CC=C(O)C2N=CC=CC1=2,False
2079-00-7,[H]/N=C1/C=CN(C2C=CC(/N=C(\O)/CC(N)CCN(C)/C(/N)=N/[H])C(O2)C(O)=O)C(O)=N/1,False
482-89-3,O=C1C(NC2C=CC=CC1=2)=C1NC2C=CC=CC=2C1=O,False
